fx_rate_timestamp,USDAUD,USDCAD,USDEUR,USDCHF,USDSGD,USDGBP
2021/11/15 0:00:00,1.36375,1.25444,0.87384,0.92106,1.35209,0.74522
2021/11/15 0:06:00,1.3638843,1.25462,0.87386,0.92129,1.35205,0.74526
2021/11/15 0:12:00,1.36441,1.25502,0.87379,0.92109,1.35209,0.74527
2021/11/15 0:18:00,1.36441,1.25521,0.87368,0.92093,1.35214,0.74535
2021/11/15 0:24:00,1.36511,1.25546,0.87382,0.92103,1.35248,0.74548
2021/11/15 0:30:00,1.3644426,1.2554,0.87376,0.92093,1.35203,0.74542
2021/11/15 0:36:00,1.3643,1.255,0.8737,0.9206,1.3523,0.7452
2021/11/15 0:42:00,1.36413,1.25495,0.87359,0.9206,1.35212,0.7451
2021/11/15 0:48:00,1.3633265,1.255,0.87364,0.9206,1.35215,0.745
2021/11/15 0:54:00,1.3636054,1.2548,0.87365,0.92071,1.35194,0.745
2021/11/15 1:00:00,1.36465,1.25513,0.87374,0.92074,1.35215,0.7452
2021/11/15 1:06:00,1.3646288,1.25532,0.87384,0.92075,1.35222,0.7453
2021/11/15 1:12:00,1.3645543,1.25524,0.87387,0.92071,1.35196,0.74528
2021/11/15 1:18:00,1.3639029,1.25511,0.87369,0.92076,1.35185,0.7451
2021/11/15 1:24:00,1.3638657,1.25506,0.8735,0.92052,1.35181,0.74501
2021/11/15 1:30:00,1.36342,1.2549,0.87328,0.92008,1.35186,0.74489
2021/11/15 1:36:00,1.3631407,1.25501,0.87304,0.9195,1.35189,0.74498
2021/11/15 1:42:00,1.362992,1.25486,0.87295,0.91933,1.35172,0.74447
2021/11/15 1:48:00,1.3625463,1.25454,0.87271,0.91927,1.35147,0.74435
2021/11/15 1:54:00,1.3618,1.2543,0.87259,0.91902,1.35153,0.74417
2021/11/15 2:00:00,1.3616929,1.25403,0.87261,0.9189,1.35113,0.7443
2021/11/15 2:06:00,1.36223,1.25408,0.87277,0.91936,1.35125,0.74435
2021/11/15 2:12:00,1.3620638,1.25381,0.87275,0.91925,1.3507,0.74432
2021/11/15 2:18:00,1.36266,1.25396,0.8727,0.91924,1.3513,0.74442
2021/11/15 2:24:00,1.3620267,1.2537,0.8727,0.9188,1.3517,0.7444
2021/11/15 2:30:00,1.3626206,1.25381,0.87285,0.91909,1.35177,0.7444298
2021/11/15 2:36:00,1.3630478,1.25381,0.8728,0.919,1.35199,0.74457
2021/11/15 2:42:00,1.3625835,1.25373,0.87281,0.9189,1.3514,0.74462
2021/11/15 2:48:00,1.3627691,1.25365,0.8727,0.91901,1.35175,0.74462
2021/11/15 2:54:00,1.36243,1.25364,0.87258,0.91891,1.3515,0.74457
2021/11/15 3:00:00,1.3620267,1.2534,0.8724,0.91902,1.35145,0.7445
2021/11/15 3:06:00,1.3618412,1.2535,0.8724,0.9191,1.3515,0.744585
2021/11/15 3:12:00,1.362305,1.25369,0.87273,0.91916,1.3514,0.7447
2021/11/15 3:18:00,1.3622308,1.25363,0.87265,0.91909,1.351,0.7445
2021/11/15 3:24:00,1.3621751,1.2535,0.87264,0.9189,1.35155,0.7446
2021/11/15 3:30:00,1.3613,1.25352,0.8723,0.91903,1.35151,0.744524
2021/11/15 3:36:00,1.3618,1.2535,0.87259,0.91908,1.3513,0.7446
2021/11/15 3:42:00,1.36219,1.25368,0.87275,0.9192,1.35178,0.7447
2021/11/15 3:48:00,1.3626763,1.25383,0.87278,0.9191,1.35194,0.74473
2021/11/15 3:54:00,1.3624721,1.2535,0.87272,0.9193,1.35195,0.7447
2021/11/15 4:00:00,1.3624,1.25359,0.8727,0.91918,1.35223,0.7446
2021/11/15 4:06:00,1.3623421,1.25362,0.8727,0.9192,1.3515,0.7447
2021/11/15 4:12:00,1.3616558,1.2535,0.8726,0.9195,1.3515,0.74463
2021/11/15 4:18:00,1.3622308,1.25355,0.87281,0.91952,1.35185,0.7445905
2021/11/15 4:24:00,1.3614704,1.25334,0.8725,0.91944,1.35185,0.74457
2021/11/15 4:30:00,1.3620081,1.2536,0.87272,0.9193,1.35165,0.74468
2021/11/15 4:36:00,1.36203,1.25373,0.8725,0.9191,1.35164,0.74455
2021/11/15 4:42:00,1.36219,1.25374,0.8727,0.9192,1.35167,0.74473
2021/11/15 4:48:00,1.3618412,1.2535,0.8728,0.91932,1.3513,0.74462
2021/11/15 4:54:00,1.3619896,1.25367,0.8729,0.91947,1.3512,0.7447
2021/11/15 5:00:00,1.3614704,1.25362,0.87286,0.9192,1.35158,0.7446
2021/11/15 5:06:00,1.3619525,1.25358,0.8728,0.91954,1.35152,0.74452
2021/11/15 5:12:00,1.36156,1.25343,0.87281,0.91941,1.35143,0.74454
2021/11/15 5:18:00,1.3617856,1.25352,0.87287,0.91975,1.35163,0.74437
2021/11/15 5:24:00,1.3614704,1.25351,0.87282,0.91972,1.35155,0.74452
2021/11/15 5:30:00,1.3617,1.2532,0.872753,0.91967,1.3517,0.74432
2021/11/15 5:36:00,1.36182,1.25331,0.87292,0.91987,1.3512,0.74429
2021/11/15 5:42:00,1.3616929,1.2532,0.87267,0.91976,1.35161,0.7442
2021/11/15 5:48:00,1.3615075,1.2528,0.8723,0.9194,1.3516,0.74404
2021/11/15 5:54:00,1.3609145,1.25291,0.87255,0.9194,1.35157,0.74419
2021/11/15 6:00:00,1.3602,1.25298,0.87247,0.91941,1.3515,0.74405
2021/11/15 6:06:00,1.3613221,1.25328,0.872524,0.91967,1.35168,0.74432
2021/11/15 6:12:00,1.3611,1.25323,0.8727,0.9195,1.3511,0.7444
2021/11/15 6:18:00,1.3615631,1.2532,0.872753,0.9194,1.35176,0.74454
2021/11/15 6:24:00,1.3607294,1.253,0.87282,0.91945,1.3512,0.74446
2021/11/15 6:30:00,1.3605,1.25335,0.87294,0.91962,1.3513,0.74458
2021/11/15 6:36:00,1.3609145,1.25351,0.8729,0.9196,1.35161,0.74448
2021/11/15 6:42:00,1.3614333,1.25342,0.87287,0.91968,1.35146,0.74456
2021/11/15 6:48:00,1.3610812,1.2531,0.87264,0.91933,1.35123,0.74439
2021/11/15 6:54:00,1.3613777,1.2533,0.87266,0.91945,1.35131,0.74441
2021/11/15 7:00:00,1.3603591,1.25304,0.8724,0.91946,1.35097,0.74416
2021/11/15 7:06:00,1.36088,1.2526,0.872524,0.9193,1.35107,0.7442
2021/11/15 7:12:00,1.3607,1.2529,0.87289,0.91962,1.35094,0.74436
2021/11/15 7:18:00,1.3607294,1.2525,0.8726,0.91964,1.35101,0.74435
2021/11/15 7:24:00,1.3608034,1.25276,0.8726,0.91963,1.35095,0.7445
2021/11/15 7:30:00,1.3607294,1.253,0.87289,0.91969,1.3508,0.74483
2021/11/15 7:36:00,1.3606738,1.25285,0.87294,0.9199,1.3508,0.7447
2021/11/15 7:42:00,1.3601741,1.25279,0.8728,0.91998,1.35121,0.74462
2021/11/15 7:48:00,1.3601741,1.25264,0.873057,0.92005,1.35124,0.74479
2021/11/15 7:54:00,1.3597487,1.25261,0.87332,0.92,1.3512,0.74476
2021/11/15 8:00:00,1.3600076,1.25335,0.8734,0.92033,1.3515,0.74561
2021/11/15 8:06:00,1.36023,1.25339,0.8732,0.92005,1.351,0.74548
2021/11/15 8:12:00,1.3602481,1.25315,0.87332,0.91955,1.35149,0.74537
2021/11/15 8:18:00,1.3594345,1.25298,0.87316,0.91945,1.3508,0.74521
2021/11/15 8:24:00,1.35969,1.25298,0.873134,0.91979,1.3513,0.74525
2021/11/15 8:30:00,1.3598966,1.25328,0.87355,0.91981,1.35149,0.74526
2021/11/15 8:36:00,1.3604517,1.25347,0.87386,0.92027,1.35177,0.74586
2021/11/15 8:42:00,1.3599891,1.25345,0.87382,0.92091,1.3514,0.74555
2021/11/15 8:48:00,1.3605072,1.25341,0.873668,0.92091,1.35149,0.74587
2021/11/15 8:54:00,1.35955,1.25302,0.87345,0.9205,1.3512,0.74545
2021/11/15 9:00:00,1.35879,1.25272,0.87326,0.9204,1.35098,0.74512
2021/11/15 9:06:00,1.3597302,1.25305,0.87351,0.9208,1.35104,0.74534
2021/11/15 9:12:00,1.35962,1.25333,0.87343,0.9205,1.35101,0.74547
2021/11/15 9:18:00,1.35958,1.25347,0.873439,0.92047,1.351,0.7454
2021/11/15 9:24:00,1.3592,1.25311,0.87347,0.9206,1.3508,0.74523
2021/11/15 9:30:00,1.3590834,1.2531,0.8733,0.92043,1.3512,0.7452
2021/11/15 9:36:00,1.3584003,1.25263,0.87317,0.92021,1.3505,0.7451
2021/11/15 9:42:00,1.35829,1.25286,0.87329,0.92011,1.35088,0.74513
2021/11/15 9:48:00,1.3587695,1.25314,0.8732,0.92025,1.35119,0.74537
2021/11/15 9:54:00,1.3585849,1.2528,0.873362,0.92021,1.35108,0.74547
2021/11/15 10:00:00,1.3587326,1.25292,0.87359,0.92052,1.35129,0.7455
2021/11/15 10:06:00,1.3586587,1.2531,0.873515,0.92047,1.35125,0.74554
2021/11/15 10:12:00,1.3584373,1.2528,0.873591,0.9202,1.35131,0.74552
2021/11/15 10:18:00,1.35834,1.2528,0.8734,0.92044,1.35134,0.74555
2021/11/15 10:24:00,1.3577917,1.25283,0.87329,0.92012,1.3512,0.7452
2021/11/15 10:30:00,1.3572757,1.25256,0.87304,0.91984,1.3502,0.74518
2021/11/15 10:36:00,1.3572204,1.2523,0.8733,0.92,1.35094,0.74537
2021/11/15 10:42:00,1.3577733,1.25251,0.873134,0.91988,1.35094,0.74533
2021/11/15 10:48:00,1.3570362,1.25254,0.8733,0.91964,1.35083,0.74516
2021/11/15 10:54:00,1.3576626,1.25229,0.873439,0.9199,1.35093,0.74503
2021/11/15 11:00:00,1.3578101,1.25239,0.87348,0.92003,1.3506,0.74518
2021/11/15 11:06:00,1.3578101,1.2525,0.87348,0.92013,1.35098,0.74523
2021/11/15 11:12:00,1.3576442,1.25215,0.87334,0.92005,1.35084,0.7448
2021/11/15 11:18:00,1.3582896,1.2522,0.873744,0.9205,1.35091,0.74515
2021/11/15 11:24:00,1.35831,1.25283,0.87387,0.9207,1.35113,0.7451
2021/11/15 11:30:00,1.3579576,1.2527,0.873515,0.92078,1.35099,0.74528
2021/11/15 11:36:00,1.35757,1.25257,0.87353,0.92022,1.35081,0.74493
2021/11/15 11:42:00,1.3571467,1.25238,0.87323,0.91969,1.3507,0.74429
2021/11/15 11:48:00,1.3569257,1.25224,0.87319,0.91969,1.35053,0.74409
2021/11/15 11:54:00,1.3574415,1.25248,0.87332,0.91992,1.35052,0.74403
2021/11/15 12:00:00,1.3578101,1.2522,0.87358,0.92036,1.3503,0.74432
2021/11/15 12:06:00,1.3578101,1.25248,0.873439,0.92003,1.35087,0.7444
2021/11/15 12:12:00,1.3573678,1.25237,0.873286,0.91995,1.35078,0.7444
2021/11/15 12:18:00,1.3575889,1.2527,0.873,0.91995,1.35075,0.74465
2021/11/15 12:24:00,1.3576,1.25272,0.87332,0.9199,1.35097,0.74456
2021/11/15 12:30:00,1.3575152,1.25284,0.87315,0.9197,1.35053,0.74445
2021/11/15 12:36:00,1.3576995,1.25281,0.87331,0.91994,1.35067,0.74451
2021/11/15 12:42:00,1.3570362,1.25294,0.87335,0.91989,1.3503,0.74447
2021/11/15 12:48:00,1.35761,1.25274,0.87363,0.92003,1.3503,0.7443
2021/11/15 12:54:00,1.35807,1.25302,0.87402,0.92046,1.351,0.7444
2021/11/15 13:00:00,1.3576995,1.25291,0.873744,0.92039,1.35078,0.74431
2021/11/15 13:06:00,1.3574599,1.25256,0.873668,0.92023,1.35031,0.74402
2021/11/15 13:12:00,1.35695,1.2521,0.8735,0.91984,1.3497,0.74398
2021/11/15 13:18:00,1.35733,1.25237,0.873591,0.91997,1.35052,0.74416
2021/11/15 13:24:00,1.3577733,1.25277,0.87362,0.92008,1.3502,0.74426
2021/11/15 13:30:00,1.3577733,1.25285,0.873515,0.92025,1.35071,0.74449
2021/11/15 13:36:00,1.3581,1.25274,0.8738,0.92034,1.35045,0.7446
2021/11/15 13:42:00,1.35892,1.25248,0.87414,0.92055,1.35096,0.74478
2021/11/15 13:48:00,1.35777,1.2525,0.873515,0.92025,1.35078,0.74431
2021/11/15 13:54:00,1.358013,1.2527,0.8736,0.92,1.35059,0.74423
2021/11/15 14:00:00,1.35774,1.25253,0.873591,0.92026,1.35083,0.74435
2021/11/15 14:06:00,1.35882,1.25296,0.874355,0.9208,1.3511,0.74492
2021/11/15 14:12:00,1.35834,1.25259,0.873973,0.92032,1.35079,0.74471
2021/11/15 14:18:00,1.3582896,1.25192,0.87416,0.92051,1.35107,0.74466
2021/11/15 14:24:00,1.3580314,1.25088,0.87413,0.92018,1.3508,0.74463
2021/11/15 14:30:00,1.35871,1.25137,0.87425,0.92065,1.35132,0.7449
2021/11/15 14:36:00,1.3590834,1.25183,0.873973,0.92059,1.35113,0.74488
2021/11/15 14:42:00,1.35858,1.25168,0.87421,0.9201,1.3517,0.74489
2021/11/15 14:48:00,1.35895,1.25203,0.87416,0.92054,1.35144,0.74466
2021/11/15 14:54:00,1.35894,1.25227,0.87424,0.92051,1.35123,0.74466
2021/11/15 15:00:00,1.3593606,1.25221,0.874432,0.92095,1.35188,0.74489
2021/11/15 15:06:00,1.358788,1.25079,0.87421,0.9202,1.35149,0.74416
2021/11/15 15:12:00,1.3589357,1.25078,0.87423,0.92047,1.3515,0.74384
2021/11/15 15:18:00,1.3589726,1.25079,0.87445,0.92068,1.35169,0.74395
2021/11/15 15:24:00,1.3588434,1.2507,0.87466,0.92116,1.35188,0.74411
2021/11/15 15:30:00,1.3594345,1.2509,0.87506,0.92149,1.35216,0.7441
2021/11/15 15:36:00,1.3596563,1.25181,0.875427,0.9215,1.3523,0.7443
2021/11/15 15:42:00,1.359379,1.25177,0.875274,0.9216,1.35181,0.7441
2021/11/15 15:48:00,1.3593051,1.25203,0.87557,0.92213,1.35173,0.74443
2021/11/15 15:54:00,1.3587141,1.2523,0.8756,0.92211,1.3518,0.74448
2021/11/15 16:00:00,1.3590465,1.25235,0.875503,0.92221,1.3517,0.7447
2021/11/15 16:06:00,1.3591573,1.2519,0.87573,0.92193,1.35177,0.74465
2021/11/15 16:12:00,1.35873,1.25198,0.87566,0.92177,1.3515,0.74457
2021/11/15 16:18:00,1.3582527,1.25142,0.87547,0.92149,1.35138,0.74441
2021/11/15 16:24:00,1.35818,1.25172,0.875427,0.92137,1.35141,0.74427
2021/11/15 16:30:00,1.3574,1.25144,0.87533,0.92101,1.35136,0.74388
2021/11/15 16:36:00,1.3582896,1.25173,0.87578,0.92179,1.35164,0.74409
2021/11/15 16:42:00,1.3584003,1.25197,0.875503,0.92162,1.35169,0.7439
2021/11/15 16:48:00,1.3589726,1.25211,0.87593,0.9222,1.35188,0.74429
2021/11/15 16:54:00,1.358548,1.25153,0.87554,0.92175,1.35159,0.74384
2021/11/15 17:00:00,1.3591943,1.2514,0.87602,0.92208,1.3515,0.7442
2021/11/15 17:06:00,1.3588803,1.25156,0.87619,0.922,1.3516,0.74421
2021/11/15 17:12:00,1.3595823,1.25214,0.876578,0.92263,1.3518,0.7441
2021/11/15 17:18:00,1.3592,1.2521,0.87676,0.92242,1.35211,0.7443
2021/11/15 17:24:00,1.36,1.25304,0.87798,0.92366,1.35277,0.74488
2021/11/15 17:30:00,1.3601926,1.2522,0.87789,0.92365,1.35266,0.7448
2021/11/15 17:36:00,1.3604887,1.25243,0.878349,0.924,1.35293,0.74496
2021/11/15 17:42:00,1.3596193,1.25227,0.877963,0.92373,1.35287,0.7449
2021/11/15 17:48:00,1.36,1.25225,0.87814,0.9235,1.35289,0.74486
2021/11/15 17:54:00,1.3598,1.25234,0.87826,0.92349,1.3525,0.7449622
2021/11/15 18:00:00,1.35956,1.25215,0.878194,0.9236,1.3529,0.7449
2021/11/15 18:06:00,1.3599706,1.25231,0.87843,0.92351,1.35293,0.74501
2021/11/15 18:12:00,1.3594345,1.25165,0.878117,0.92343,1.3524,0.74493
2021/11/15 18:18:00,1.3598597,1.2518,0.8786,0.92365,1.3526,0.74512
2021/11/15 18:24:00,1.3595639,1.25102,0.878194,0.92378,1.3524,0.7447
2021/11/15 18:30:00,1.3594345,1.2512,0.87839,0.92369,1.35267,0.74474
2021/11/15 18:36:00,1.3594,1.25184,0.878426,0.92372,1.3524,0.74472
2021/11/15 18:42:00,1.3596748,1.25157,0.87846,0.92339,1.3525,0.74456
2021/11/15 18:48:00,1.3596193,1.25147,0.8783,0.92343,1.35279,0.74462
2021/11/15 18:54:00,1.35953,1.25135,0.87836,0.92365,1.35271,0.74455
2021/11/15 19:00:00,1.3594899,1.251,0.878117,0.92341,1.35247,0.7444
2021/11/15 19:06:00,1.359065,1.25088,0.87804,0.9232,1.35249,0.7442968
2021/11/15 19:12:00,1.3586957,1.2512,0.877963,0.92325,1.3519,0.7443
2021/11/15 19:18:00,1.3596378,1.25123,0.87804,0.9236,1.35253,0.74442
2021/11/15 19:24:00,1.35969,1.2507,0.87796,0.92368,1.3521,0.74434
2021/11/15 19:30:00,1.359065,1.25096,0.878,0.92385,1.352,0.74437
2021/11/15 19:36:00,1.3596933,1.25104,0.87814,0.924,1.35202,0.7443
2021/11/15 19:42:00,1.3591,1.2504,0.87809,0.92391,1.3521,0.7444
2021/11/15 19:48:00,1.3594345,1.2504,0.877963,0.9239,1.3521,0.74452
2021/11/15 19:54:00,1.36043,1.2511,0.87827,0.92463,1.3526,0.74471
2021/11/15 20:00:00,1.3607664,1.25096,0.87853,0.92482,1.35266,0.7445
2021/11/15 20:06:00,1.3606923,1.2506,0.87862,0.9245,1.35276,0.7445739
2021/11/15 20:12:00,1.3604702,1.2505,0.87856,0.9243,1.35285,0.74459
2021/11/15 20:18:00,1.3607108,1.25084,0.87895,0.92433,1.3526,0.7449
2021/11/15 20:24:00,1.3609331,1.25132,0.879275,0.9249,1.35332,0.74518
2021/11/15 20:30:00,1.3612851,1.25176,0.879894,0.92542,1.3533,0.7455
2021/11/15 20:36:00,1.3610998,1.2511,0.879662,0.925,1.35368,0.7454
2021/11/15 20:42:00,1.3609,1.2513,0.879972,0.92503,1.3534,0.74562
2021/11/15 20:48:00,1.3613592,1.25162,0.879894,0.92515,1.35382,0.7457
2021/11/15 20:54:00,1.36132,1.2515,0.88025,0.92545,1.35405,0.7459
2021/11/15 21:00:00,1.3615075,1.25151,0.88003,0.92535,1.3536,0.74582
2021/11/15 21:06:00,1.3613777,1.2515,0.87994,0.92533,1.35368,0.74566
2021/11/15 21:12:00,1.3609145,1.2518,0.87961,0.925,1.35353,0.74555
2021/11/15 21:18:00,1.3607294,1.25135,0.8794,0.9249,1.3531,0.74545
2021/11/15 21:24:00,1.3610071,1.25143,0.8795,0.9249,1.3531,0.74544
2021/11/15 21:30:00,1.3603591,1.25125,0.8795,0.9246,1.3533,0.7454898
2021/11/15 21:36:00,1.3606368,1.25122,0.87937,0.9245,1.3531,0.74543
2021/11/15 21:42:00,1.3603591,1.25094,0.8794,0.9244,1.3529,0.7454
2021/11/15 21:48:00,1.3601741,1.2508,0.87954,0.9249,1.35313,0.7455
2021/11/15 21:54:00,1.3607294,1.251,0.8795,0.925,1.35309,0.7454
2021/11/15 22:00:00,1.3609145,1.2516,0.8794,0.9249292,1.35305,0.7453
2021/11/15 22:06:00,1.3606,1.25117,0.87968,0.92489,1.3536,0.7452
2021/11/15 22:12:00,1.3605,1.2516,0.87941,0.9247,1.35366,0.7454
2021/11/15 22:18:00,1.36095,1.2515,0.87938,0.9245,1.3533,0.74512
2021/11/15 22:24:00,1.3607,1.25112,0.8796,0.9245,1.3534,0.7452
2021/11/15 22:30:00,1.3609145,1.2511,0.87948,0.9249,1.3534,0.7453
2021/11/15 22:36:00,1.3613221,1.2513,0.8794,0.92494,1.35408,0.7455
2021/11/15 22:42:00,1.3613,1.25113,0.87957,0.92504,1.35402,0.7455
2021/11/15 22:48:00,1.3611,1.25119,0.8795,0.92479,1.3535,0.74545
2021/11/15 22:54:00,1.3614333,1.25112,0.87964,0.92484,1.35401,0.74547
2021/11/15 23:00:00,1.3609,1.2505,0.87932,0.92478,1.3534,0.7453
2021/11/15 23:06:00,1.3610627,1.2506,0.8793,0.9248,1.3532,0.74537
2021/11/15 23:12:00,1.3609145,1.2508,0.8794,0.92485,1.3532,0.7455
2021/11/15 23:18:00,1.3605,1.2507,0.8791,0.92477,1.3533,0.7454898
2021/11/15 23:24:00,1.3605442,1.25087,0.87932,0.9248,1.3532,0.74545
2021/11/15 23:30:00,1.3609331,1.2508,0.8792,0.92489,1.35373,0.7455
2021/11/15 23:36:00,1.3607,1.251,0.8797,0.92527,1.35374,0.7457
2021/11/15 23:42:00,1.3610998,1.2512,0.87996,0.9254,1.35392,0.74582
2021/11/15 23:48:00,1.3610998,1.25135,0.8797,0.92549,1.35409,0.7458
2021/11/15 23:54:00,1.3613592,1.2514,0.87971,0.92529,1.3537,0.7456
2021/11/16 0:00:00,1.3608219,1.25107,0.87958,0.92515,1.353,0.74544
2021/11/16 0:06:00,1.360859,1.25144,0.8795,0.9252,1.35375,0.7455
2021/11/16 0:12:00,1.36025,1.2511,0.87927,0.9248,1.3528,0.7454
2021/11/16 0:18:00,1.360859,1.2513,0.8792,0.92511,1.35337,0.7455
2021/11/16 0:24:00,1.3607294,1.25166,0.87923,0.92504,1.35333,0.74556
2021/11/16 0:30:00,1.35967,1.25126,0.8789,0.9247,1.35312,0.74529
2021/11/16 0:36:00,1.3598966,1.2512,0.87896,0.9247,1.35312,0.74529
2021/11/16 0:42:00,1.35953,1.25106,0.87891,0.92465,1.3527,0.74538
2021/11/16 0:48:00,1.35977,1.25096,0.87888,0.9244,1.35281,0.74542
2021/11/16 0:54:00,1.3598042,1.25111,0.87921,0.92472,1.35298,0.74544
2021/11/16 1:00:00,1.35982,1.25111,0.8789,0.9242,1.35253,0.7452
2021/11/16 1:06:00,1.359416,1.25075,0.87889,0.9244,1.35222,0.74503
2021/11/16 1:12:00,1.359065,1.25062,0.8788,0.9243,1.3519,0.74493
2021/11/16 1:18:00,1.3594,1.25086,0.879,0.92438,1.3521,0.74502
2021/11/16 1:24:00,1.3588803,1.2508,0.87912,0.9243,1.35254,0.7449
2021/11/16 1:30:00,1.3592497,1.25055,0.87926,0.92474,1.35289,0.74517
2021/11/16 1:36:00,1.3589541,1.25029,0.879,0.92446,1.35281,0.74505
2021/11/16 1:42:00,1.35833,1.25012,0.87885,0.9243,1.35259,0.745
2021/11/16 1:48:00,1.35801,1.24991,0.87879,0.92457,1.3526,0.74491
2021/11/16 1:54:00,1.3577733,1.24956,0.87877,0.92462,1.3524,0.74486
2021/11/16 2:00:00,1.3581236,1.2491,0.8787,0.92448,1.35231,0.7447
2021/11/16 2:06:00,1.3587695,1.25011,0.87893,0.9245,1.35264,0.74495
2021/11/16 2:12:00,1.3586772,1.25005,0.87878,0.92434,1.35261,0.7448
2021/11/16 2:18:00,1.358751,1.25015,0.87858,0.9242,1.3527,0.74468
2021/11/16 2:24:00,1.3583265,1.2499,0.87854,0.92413,1.35242,0.74463
2021/11/16 2:30:00,1.3581,1.24952,0.87843,0.9239,1.35192,0.7444
2021/11/16 2:36:00,1.3576442,1.24947,0.8783,0.92378,1.3512,0.74441
2021/11/16 2:42:00,1.357,1.2496,0.8782,0.92381,1.35174,0.74441
2021/11/16 2:48:00,1.35781,1.24991,0.87841,0.92375,1.35228,0.7443
2021/11/16 2:54:00,1.3581236,1.25011,0.8784,0.9237,1.3524,0.7443
2021/11/16 3:00:00,1.3581421,1.24999,0.8785,0.9238,1.3522,0.7443
2021/11/16 3:06:00,1.357847,1.24993,0.8784,0.92387,1.35211,0.7442
2021/11/16 3:12:00,1.3572204,1.2494,0.87839,0.9235,1.35106,0.7442
2021/11/16 3:18:00,1.35768,1.2497,0.87844,0.9238,1.35196,0.74429
2021/11/16 3:24:00,1.3576,1.24997,0.87848,0.9236,1.3516,0.74422
2021/11/16 3:30:00,1.3581421,1.25008,0.87863,0.92388,1.35256,0.7444
2021/11/16 3:36:00,1.35844,1.25018,0.87867,0.9237,1.3518,0.74446
2021/11/16 3:42:00,1.3588064,1.25018,0.87872,0.92398,1.35241,0.74446
2021/11/16 3:48:00,1.3589,1.25008,0.87867,0.9238,1.35237,0.74441
2021/11/16 3:54:00,1.35894,1.25019,0.87853,0.92386,1.35205,0.74437
2021/11/16 4:00:00,1.35873,1.25,0.8784,0.9238,1.35199,0.74441
2021/11/16 4:06:00,1.3593975,1.25045,0.87849,0.92373,1.35243,0.74441
2021/11/16 4:12:00,1.3593421,1.25035,0.8783,0.92379,1.35224,0.74446
2021/11/16 4:18:00,1.3594,1.2507,0.8786,0.92389,1.3522,0.74463
2021/11/16 4:24:00,1.3596193,1.25074,0.87863,0.9239,1.35294,0.7446
2021/11/16 4:30:00,1.3601741,1.25087,0.8786,0.92399,1.35259,0.7446571
2021/11/16 4:36:00,1.3599,1.25086,0.8786,0.92398,1.3522,0.74475
2021/11/16 4:42:00,1.3600631,1.25108,0.87873,0.92408,1.35276,0.7448
2021/11/16 4:48:00,1.36,1.25107,0.87869,0.9239,1.35281,0.74475
2021/11/16 4:54:00,1.3596193,1.2511,0.878272,0.924,1.35246,0.74473
2021/11/16 5:00:00,1.35921,1.2506,0.87842,0.92402,1.3526,0.74457
2021/11/16 5:06:00,1.359065,1.25125,0.8785,0.92415,1.35264,0.7446
2021/11/16 5:12:00,1.35897,1.25115,0.87867,0.9241,1.35268,0.74462
2021/11/16 5:18:00,1.3593975,1.25118,0.8785,0.92403,1.3526,0.74475
2021/11/16 5:24:00,1.3601371,1.2516,0.878812,0.9242,1.3531,0.74486
2021/11/16 5:30:00,1.3607479,1.25183,0.87893,0.9243,1.35333,0.74492
2021/11/16 5:36:00,1.3613406,1.25197,0.87893,0.92441,1.35336,0.74503
2021/11/16 5:42:00,1.3617,1.2517,0.87889,0.92455,1.35345,0.7450121
2021/11/16 5:48:00,1.3622122,1.25208,0.87893,0.9247,1.35351,0.74518
2021/11/16 5:54:00,1.3622679,1.25199,0.8789,0.92469,1.35288,0.7452
2021/11/16 6:00:00,1.3619154,1.25188,0.8788,0.92449,1.35305,0.74505
2021/11/16 6:06:00,1.36151,1.25153,0.87868,0.9247,1.3528,0.74485
2021/11/16 6:12:00,1.3619525,1.2515,0.87888,0.92481,1.3529,0.7451
2021/11/16 6:18:00,1.3618968,1.2516,0.87894,0.92486,1.35331,0.74507
2021/11/16 6:24:00,1.3622122,1.25166,0.878966,0.9248,1.35356,0.74495
2021/11/16 6:30:00,1.36286,1.25178,0.87904,0.92499,1.35359,0.74502
2021/11/16 6:36:00,1.3631593,1.25201,0.87903,0.92501,1.3533,0.74507
2021/11/16 6:42:00,1.3627691,1.25191,0.8789,0.92469,1.3536,0.74492
2021/11/16 6:48:00,1.3625835,1.25184,0.87886,0.92464,1.3535,0.74494
2021/11/16 6:54:00,1.3625,1.25182,0.87887,0.92469,1.3534,0.7449
2021/11/16 7:00:00,1.3626392,1.25178,0.87896,0.92465,1.35397,0.7442
2021/11/16 7:06:00,1.3618412,1.25155,0.87914,0.92473,1.35382,0.74342
2021/11/16 7:12:00,1.3627691,1.25163,0.8792,0.92464,1.3535,0.74328
2021/11/16 7:18:00,1.3622,1.25175,0.87924,0.92487,1.35402,0.74316
2021/11/16 7:24:00,1.3630478,1.25195,0.8795,0.92506,1.35403,0.74354
2021/11/16 7:30:00,1.3628434,1.25196,0.87926,0.92521,1.3534,0.74361
2021/11/16 7:36:00,1.3619896,1.25162,0.87899,0.92566,1.3533,0.7432
2021/11/16 7:42:00,1.3620267,1.25179,0.87902,0.92574,1.353,0.743
2021/11/16 7:48:00,1.3626392,1.25191,0.87917,0.9259,1.3532,0.743
2021/11/16 7:54:00,1.3620452,1.25146,0.87873,0.9255,1.35346,0.74269
2021/11/16 8:00:00,1.3624906,1.25172,0.87884,0.92548,1.35365,0.74275
2021/11/16 8:06:00,1.3623978,1.25212,0.8795,0.9253,1.35412,0.74366
2021/11/16 8:12:00,1.3616929,1.25197,0.8794,0.92536,1.35369,0.7435
2021/11/16 8:18:00,1.3618227,1.25206,0.87932,0.9253,1.3535,0.74349
2021/11/16 8:24:00,1.36175,1.2519,0.87911,0.92528,1.35374,0.74316
2021/11/16 8:30:00,1.3618412,1.25199,0.87922,0.92528,1.3536,0.74283
2021/11/16 8:36:00,1.3617856,1.25213,0.87925,0.92556,1.35358,0.7426
2021/11/16 8:42:00,1.3618227,1.25227,0.87924,0.92552,1.35345,0.7426
2021/11/16 8:48:00,1.3616558,1.2518,0.87922,0.92576,1.35323,0.74245
2021/11/16 8:54:00,1.3619339,1.25215,0.87912,0.9256,1.35301,0.7422
2021/11/16 9:00:00,1.3622308,1.2525,0.87963,0.9262,1.35325,0.74271
2021/11/16 9:06:00,1.3616743,1.2525,0.87978,0.926,1.35324,0.7426
2021/11/16 9:12:00,1.361767,1.25264,0.87972,0.92608,1.35331,0.74264
2021/11/16 9:18:00,1.36271,1.25307,0.88001,0.92653,1.3536,0.74254
2021/11/16 9:24:00,1.3631778,1.25309,0.88011,0.9266,1.35368,0.7428
2021/11/16 9:30:00,1.36285,1.25315,0.88017,0.92667,1.35395,0.74276
2021/11/16 9:36:00,1.36307,1.25313,0.88025,0.9275,1.35389,0.74265
2021/11/16 9:42:00,1.362602,1.253,0.8798,0.92734,1.35366,0.74239
2021/11/16 9:48:00,1.3622122,1.25287,0.88005,0.92707,1.35386,0.74258
2021/11/16 9:54:00,1.3626392,1.2527,0.88014,0.92723,1.35387,0.74259
2021/11/16 10:00:00,1.3625092,1.2526,0.88009,0.92704,1.35407,0.7427
2021/11/16 10:06:00,1.3622,1.25275,0.88006,0.92733,1.35408,0.743
2021/11/16 10:12:00,1.3627691,1.25308,0.88033,0.9277,1.3541,0.74293
2021/11/16 10:18:00,1.3631593,1.25285,0.88027,0.92757,1.35432,0.74336
2021/11/16 10:24:00,1.3631593,1.25285,0.88055,0.92767,1.3539,0.74344
2021/11/16 10:30:00,1.36312,1.2528,0.8804,0.92765,1.35421,0.7434
2021/11/16 10:36:00,1.3631407,1.25308,0.88068,0.92787,1.35431,0.74349
2021/11/16 10:42:00,1.36323,1.25299,0.88048,0.9279,1.35417,0.74341
2021/11/16 10:48:00,1.363531,1.25302,0.88046,0.92838,1.3539,0.74364
2021/11/16 10:54:00,1.3633637,1.25307,0.88014,0.92805,1.35437,0.7438
2021/11/16 11:00:00,1.3631,1.25331,0.87995,0.92784,1.35426,0.744
2021/11/16 11:06:00,1.3635682,1.25328,0.88008,0.92808,1.3539,0.74417
2021/11/16 11:12:00,1.3634938,1.25321,0.88017,0.9281,1.3541,0.74438
2021/11/16 11:18:00,1.3633079,1.25322,0.87981,0.92785,1.354,0.7442
2021/11/16 11:24:00,1.36292,1.25298,0.87932,0.92766,1.3542,0.74389
2021/11/16 11:30:00,1.3622,1.2526,0.87961,0.9278,1.35402,0.74361
2021/11/16 11:36:00,1.3622122,1.25276,0.87959,0.9277,1.35399,0.74355
2021/11/16 11:42:00,1.361767,1.25266,0.8795,0.92765,1.3541,0.74332
2021/11/16 11:48:00,1.36166,1.25266,0.8792,0.92726,1.35394,0.74337
2021/11/16 11:54:00,1.36179,1.25281,0.87969,0.92758,1.35385,0.74364
2021/11/16 12:00:00,1.3618,1.25317,0.87977,0.92771,1.35385,0.7436
2021/11/16 12:06:00,1.3623978,1.25322,0.87976,0.92728,1.3535,0.74369
2021/11/16 12:12:00,1.36236,1.2532,0.87962,0.9273,1.35379,0.74348
2021/11/16 12:18:00,1.3620267,1.25306,0.87945,0.92717,1.35371,0.74326
2021/11/16 12:24:00,1.3628992,1.25338,0.8794,0.92691,1.35387,0.7432
2021/11/16 12:30:00,1.3625649,1.2535,0.87957,0.92695,1.3535,0.74342
2021/11/16 12:36:00,1.3625835,1.25389,0.87978,0.92686,1.35394,0.74361
2021/11/16 12:42:00,1.3633079,1.25428,0.880049,0.927,1.3538,0.74389
2021/11/16 12:48:00,1.36282,1.25429,0.88016,0.92675,1.35414,0.74377
2021/11/16 12:54:00,1.3630292,1.25383,0.88007,0.92675,1.3541,0.74368
2021/11/16 13:00:00,1.36266,1.25322,0.87985,0.92622,1.35413,0.74354
2021/11/16 13:06:00,1.3627877,1.25336,0.87958,0.92599,1.35398,0.7436
2021/11/16 13:12:00,1.3626,1.25329,0.87974,0.92606,1.35393,0.74358
2021/11/16 13:18:00,1.3631035,1.25338,0.87955,0.9261,1.354,0.74368
2021/11/16 13:24:00,1.3629549,1.25303,0.87955,0.92648,1.3536,0.74393
2021/11/16 13:30:00,1.3630664,1.25274,0.87986,0.92647,1.3545,0.74405
2021/11/16 13:36:00,1.36121,1.25227,0.87914,0.92596,1.35397,0.74349
2021/11/16 13:42:00,1.36192,1.25267,0.87936,0.92622,1.3543,0.74318
2021/11/16 13:48:00,1.36197,1.25264,0.8795,0.92623,1.35426,0.74298
2021/11/16 13:54:00,1.3630849,1.2531,0.88012,0.92705,1.35483,0.74297
2021/11/16 14:00:00,1.3643123,1.25376,0.8808,0.92774,1.35551,0.74362
2021/11/16 14:06:00,1.3655979,1.25426,0.88201,0.92847,1.35603,0.74429
2021/11/16 14:12:00,1.3666243,1.25504,0.88224,0.92883,1.35644,0.74505
2021/11/16 14:18:00,1.3667177,1.25523,0.88251,0.9292,1.35655,0.74533
2021/11/16 14:24:00,1.3661762,1.25487,0.88188,0.9287,1.35603,0.74482
2021/11/16 14:30:00,1.3651132,1.25392,0.88129,0.92809,1.35531,0.74422
2021/11/16 14:36:00,1.3656165,1.254,0.88151,0.92824,1.35592,0.74454
2021/11/16 14:42:00,1.3657471,1.25429,0.8813,0.92852,1.35572,0.74463
2021/11/16 14:48:00,1.36631,1.2545,0.88159,0.92867,1.35618,0.74473
2021/11/16 14:54:00,1.36698,1.2545,0.8815,0.92856,1.3557,0.74485
2021/11/16 15:00:00,1.3661,1.2547,0.8814,0.92865,1.3555,0.74455
2021/11/16 15:06:00,1.3647406,1.25388,0.88087,0.92742,1.3548,0.74367
2021/11/16 15:12:00,1.3654,1.25437,0.88135,0.92808,1.35579,0.74456
2021/11/16 15:18:00,1.36569,1.25447,0.88105,0.92773,1.35549,0.7445
2021/11/16 15:24:00,1.3663069,1.25478,0.88125,0.92808,1.35578,0.7447
2021/11/16 15:30:00,1.3665,1.25486,0.88135,0.9284,1.3555,0.7444
2021/11/16 15:36:00,1.36707,1.25479,0.88148,0.92849,1.3558,0.7448
2021/11/16 15:42:00,1.3669606,1.25431,0.88154,0.92873,1.3556,0.74483
2021/11/16 15:48:00,1.3671661,1.25457,0.88139,0.92841,1.3556,0.7453
2021/11/16 15:54:00,1.3666617,1.25423,0.88101,0.92852,1.35592,0.74509
2021/11/16 16:00:00,1.3665869,1.25449,0.88091,0.92792,1.35575,0.74463
2021/11/16 16:06:00,1.3667924,1.2544,0.8812,0.9285,1.35571,0.74472
2021/11/16 16:12:00,1.3664002,1.25413,0.8812,0.92865,1.35573,0.7448
2021/11/16 16:18:00,1.36698,1.25453,0.8816,0.9289,1.3557,0.74511
2021/11/16 16:24:00,1.3672409,1.2546,0.88145,0.92884,1.35614,0.74512
2021/11/16 16:30:00,1.3672596,1.25476,0.88187,0.929,1.35615,0.74512
2021/11/16 16:36:00,1.3676336,1.2549,0.881912,0.92956,1.35639,0.74497
2021/11/16 16:42:00,1.3675588,1.25468,0.88227,0.92971,1.3561,0.74481
2021/11/16 16:48:00,1.36732,1.25483,0.8822,0.92965,1.3564,0.74471
2021/11/16 16:54:00,1.36793,1.25625,0.88229,0.9296,1.3562,0.7447
2021/11/16 17:00:00,1.3676,1.2553,0.88221,0.92969,1.35606,0.74431
2021/11/16 17:06:00,1.3674279,1.25533,0.8823,0.9299,1.35619,0.7445
2021/11/16 17:12:00,1.3678581,1.25563,0.88263,0.92998,1.35627,0.74463
2021/11/16 17:18:00,1.3680078,1.25572,0.88263,0.93015,1.3562,0.74465
2021/11/16 17:24:00,1.36855,1.25633,0.88299,0.93062,1.35649,0.74489
2021/11/16 17:30:00,1.3685507,1.25644,0.88331,0.9307,1.35668,0.74503
2021/11/16 17:36:00,1.36819,1.25595,0.88297,0.93053,1.35647,0.74483
2021/11/16 17:42:00,1.3681762,1.25596,0.88311,0.93053,1.3561,0.7448
2021/11/16 17:48:00,1.3688504,1.25602,0.88278,0.9305,1.3564,0.74456
2021/11/16 17:54:00,1.3687942,1.25594,0.88269,0.9306,1.35637,0.74466
2021/11/16 18:00:00,1.3681949,1.25539,0.88255,0.93031,1.35615,0.74441
2021/11/16 18:06:00,1.3677832,1.25558,0.88229,0.92979,1.35604,0.7443079
2021/11/16 18:12:00,1.36776,1.25529,0.88238,0.92964,1.35599,0.74411
2021/11/16 18:18:00,1.3681762,1.2554,0.8826,0.92968,1.35604,0.74422
2021/11/16 18:24:00,1.3679891,1.2557,0.882301,0.9301,1.35614,0.74408
2021/11/16 18:30:00,1.36795,1.25563,0.8824,0.9297,1.35615,0.74409
2021/11/16 18:36:00,1.3681575,1.25597,0.8825,0.9299,1.3559,0.74408
2021/11/16 18:42:00,1.3681575,1.25571,0.8825,0.9302,1.3558,0.7442
2021/11/16 18:48:00,1.36816,1.25556,0.8828,0.93027,1.3565,0.74427
2021/11/16 18:54:00,1.3679891,1.2554,0.88269,0.93011,1.356,0.74411
2021/11/16 19:00:00,1.36803,1.25554,0.88271,0.92996,1.3559,0.74399
2021/11/16 19:06:00,1.3681762,1.25556,0.8828,0.93002,1.356,0.74426
2021/11/16 19:12:00,1.3682698,1.25539,0.88285,0.93007,1.3561,0.74426
2021/11/16 19:18:00,1.3682,1.25549,0.88296,0.93032,1.356,0.74442
2021/11/16 19:24:00,1.368532,1.2555,0.88324,0.9303,1.35651,0.7444
2021/11/16 19:30:00,1.3692815,1.25586,0.88314,0.93047,1.35657,0.74434
2021/11/16 19:36:00,1.3691128,1.2557,0.8831,0.9302,1.3561,0.74432
2021/11/16 19:42:00,1.369394,1.25586,0.88339,0.93067,1.35675,0.74454
2021/11/16 19:48:00,1.369394,1.25586,0.88324,0.93064,1.3567,0.74453
2021/11/16 19:54:00,1.3696941,1.25584,0.88362,0.93099,1.3568,0.74466
2021/11/16 20:00:00,1.3691,1.25595,0.8836,0.93091,1.3564,0.7447
2021/11/16 20:06:00,1.369319,1.25584,0.883392,0.93043,1.35668,0.74459
2021/11/16 20:12:00,1.36915,1.25593,0.8834,0.93048,1.35676,0.7446
2021/11/16 20:18:00,1.369244,1.25558,0.8835,0.93024,1.3565,0.7447
2021/11/16 20:24:00,1.3691878,1.25593,0.88326,0.93011,1.35677,0.74458
2021/11/16 20:30:00,1.3696566,1.256,0.88349,0.93056,1.35689,0.74486
2021/11/16 20:36:00,1.36964,1.25607,0.88347,0.93045,1.35723,0.74493
2021/11/16 20:42:00,1.3696754,1.2559,0.883548,0.9303,1.35723,0.7448457
2021/11/16 20:48:00,1.3699193,1.25602,0.8835,0.93029,1.3568,0.74476
2021/11/16 20:54:00,1.370614,1.25648,0.88394,0.93066,1.35748,0.74498
2021/11/16 21:00:00,1.3702572,1.2566,0.8836,0.93065,1.3572,0.74495
2021/11/16 21:06:00,1.3703886,1.25664,0.8838,0.93086,1.35772,0.74502
2021/11/16 21:12:00,1.3700319,1.25622,0.88372,0.93055,1.35715,0.74488
2021/11/16 21:18:00,1.3701633,1.25625,0.88351,0.9302,1.3568,0.74468
2021/11/16 21:24:00,1.369863,1.25655,0.88356,0.93023,1.3566,0.74486
2021/11/16 21:30:00,1.3691128,1.25671,0.8834,0.9301,1.3565,0.7449
2021/11/16 21:36:00,1.3696191,1.25665,0.8835,0.93001,1.35705,0.7449
2021/11/16 21:42:00,1.36945,1.25605,0.88344,0.93,1.3566,0.74475
2021/11/16 21:48:00,1.3696004,1.25619,0.88354,0.93041,1.3568,0.74478
2021/11/16 21:54:00,1.3688317,1.2547,0.8832,0.9301,1.35653,0.7445462
2021/11/16 22:00:00,1.3694878,1.25459,0.8831,0.9301,1.3563,0.7447
2021/11/16 22:06:00,1.3693003,1.25542,0.88317,0.9299,1.3565,0.74463
2021/11/16 22:12:00,1.3693003,1.25549,0.88323,0.92992,1.3566,0.74452
2021/11/16 22:18:00,1.3691,1.256,0.88319,0.92991,1.3566,0.7447
2021/11/16 22:24:00,1.368738,1.2555,0.8831,0.93015,1.35655,0.74472
2021/11/16 22:30:00,1.3689,1.2562,0.8832,0.9301,1.35687,0.7446016
2021/11/16 22:36:00,1.36938,1.25594,0.88321,0.93017,1.3565,0.7447014
2021/11/16 22:42:00,1.3691,1.25583,0.88319,0.92956,1.3565,0.74456
2021/11/16 22:48:00,1.3689254,1.2557,0.8831,0.92995,1.35689,0.7447
2021/11/16 22:54:00,1.3696379,1.25563,0.88317,0.9299,1.3566,0.74462
2021/11/16 23:00:00,1.3697692,1.25609,0.88344,0.93043,1.3565,0.7448
2021/11/16 23:06:00,1.369863,1.25625,0.8834,0.93042,1.35708,0.74483
2021/11/16 23:12:00,1.3700507,1.2564,0.8838,0.9306,1.3564,0.745
2021/11/16 23:18:00,1.3699,1.2566,0.8836,0.9304,1.35705,0.74494
2021/11/16 23:24:00,1.3704074,1.25648,0.88386,0.93057,1.3567,0.74506
2021/11/16 23:30:00,1.369863,1.25658,0.8837,0.9305,1.3568,0.74489
2021/11/16 23:36:00,1.3702,1.2566,0.88406,0.93061,1.35746,0.7451
2021/11/16 23:42:00,1.3694878,1.2563,0.8838,0.93063,1.35678,0.745
2021/11/16 23:48:00,1.3694878,1.25642,0.8834,0.9302,1.3564,0.7448
2021/11/16 23:54:00,1.3696379,1.25657,0.8833,0.93031,1.35641,0.7449
2021/11/17 0:00:00,1.37001,1.2565,0.88349,0.9304,1.3561,0.74479
2021/11/17 0:06:00,1.3697,1.25622,0.8831,0.93037,1.35654,0.7445
2021/11/17 0:12:00,1.36958,1.2559,0.8832,0.93021,1.35646,0.74452
2021/11/17 0:18:00,1.3697692,1.256,0.8832,0.93,1.35669,0.7444
2021/11/17 0:24:00,1.3693003,1.2558,0.8831,0.93001,1.3567,0.74441
2021/11/17 0:30:00,1.3721186,1.25654,0.88328,0.93014,1.357,0.74466
2021/11/17 0:36:00,1.37231,1.25684,0.88346,0.93026,1.35734,0.7449
2021/11/17 0:42:00,1.3723068,1.25689,0.88348,0.93025,1.3567,0.7449
2021/11/17 0:48:00,1.37295,1.25696,0.8832,0.93025,1.3568,0.7448
2021/11/17 0:54:00,1.3722504,1.25683,0.8832,0.9298,1.35693,0.74491
2021/11/17 1:00:00,1.3719,1.25638,0.883,0.9301,1.3569,0.74492
2021/11/17 1:06:00,1.3730606,1.2563,0.88303,0.93002,1.35713,0.74486
2021/11/17 1:12:00,1.3723,1.25624,0.88308,0.93,1.35665,0.74465
2021/11/17 1:18:00,1.3721186,1.256,0.88299,0.92993,1.35685,0.74457
2021/11/17 1:24:00,1.3715916,1.2555,0.8826,0.92994,1.3563,0.74419
2021/11/17 1:30:00,1.3718362,1.2556,0.883,0.93008,1.35671,0.7443
2021/11/17 1:36:00,1.3717421,1.25608,0.88306,0.93011,1.35689,0.74447
2021/11/17 1:42:00,1.37265,1.25585,0.8831,0.93011,1.35702,0.74441
2021/11/17 1:48:00,1.3726271,1.25575,0.88314,0.93021,1.3571,0.74435
2021/11/17 1:54:00,1.3721186,1.25607,0.88312,0.93018,1.35695,0.74455
2021/11/17 2:00:00,1.3721,1.256,0.88323,0.93039,1.35726,0.74486
2021/11/17 2:06:00,1.3725706,1.2562,0.8832,0.93073,1.35721,0.74471
2021/11/17 2:12:00,1.37259,1.2561,0.88338,0.93081,1.3567,0.74469
2021/11/17 2:18:00,1.3726082,1.2562,0.88334,0.93069,1.3565,0.74481
2021/11/17 2:24:00,1.3725517,1.25608,0.88322,0.9305,1.3565,0.74466
2021/11/17 2:30:00,1.37225,1.25591,0.8831,0.93061,1.35686,0.7447
2021/11/17 2:36:00,1.37193,1.25592,0.88309,0.93035,1.35695,0.74448
2021/11/17 2:42:00,1.3721562,1.25593,0.88317,0.93045,1.35727,0.74447
2021/11/17 2:48:00,1.3726836,1.25616,0.8834,0.9304,1.35738,0.74459
2021/11/17 2:54:00,1.3727024,1.2559,0.8831,0.9305,1.35742,0.74453
2021/11/17 3:00:00,1.3726836,1.25603,0.88356,0.93078,1.35775,0.74472
2021/11/17 3:06:00,1.3732491,1.2561,0.88371,0.93087,1.358,0.7448734
2021/11/17 3:12:00,1.373532,1.25643,0.88378,0.93086,1.35857,0.74487
2021/11/17 3:18:00,1.374136,1.25673,0.88399,0.93099,1.35815,0.7449
2021/11/17 3:24:00,1.3744949,1.25696,0.88403,0.93096,1.35813,0.74509
2021/11/17 3:30:00,1.3748,1.25716,0.8842,0.93113,1.35834,0.7451565
2021/11/17 3:36:00,1.376652,1.25811,0.88686,0.93228,1.35976,0.74598
2021/11/17 3:42:00,1.3755915,1.25827,0.88632,0.93236,1.35929,0.74595
2021/11/17 3:48:00,1.37465,1.2573,0.88551,0.93168,1.35881,0.74543
2021/11/17 3:54:00,1.3746271,1.25756,0.88579,0.93184,1.35924,0.74545
2021/11/17 4:00:00,1.37422,1.25747,0.88543,0.93171,1.35863,0.74539
2021/11/17 4:06:00,1.3742304,1.25772,0.88552,0.93197,1.35903,0.74542
2021/11/17 4:12:00,1.37381,1.25739,0.8849,0.93157,1.3583,0.74525
2021/11/17 4:18:00,1.3736264,1.2573,0.88513,0.9316,1.35858,0.74521
2021/11/17 4:24:00,1.3736,1.2571,0.88509,0.93172,1.3581,0.74513
2021/11/17 4:30:00,1.37396,1.25727,0.88518,0.93168,1.3581,0.74524
2021/11/17 4:36:00,1.37358,1.25694,0.88506,0.93158,1.35819,0.7452
2021/11/17 4:42:00,1.3729,1.25681,0.88493,0.93165,1.35836,0.74507
2021/11/17 4:48:00,1.3731,1.2566,0.8849,0.93163,1.35846,0.74503
2021/11/17 4:54:00,1.3727,1.2569,0.88507,0.93171,1.35884,0.74486
2021/11/17 5:00:00,1.3731548,1.2568,0.88479,0.93134,1.35859,0.74474
2021/11/17 5:06:00,1.3723068,1.25676,0.88504,0.9314,1.35829,0.74482
2021/11/17 5:12:00,1.3730606,1.2566,0.88517,0.93157,1.3581,0.7448
2021/11/17 5:18:00,1.3736075,1.2567,0.88539,0.9317,1.35868,0.74514
2021/11/17 5:24:00,1.37372,1.25744,0.885426,0.9321,1.3587,0.7452
2021/11/17 5:30:00,1.3732,1.25728,0.885191,0.93207,1.35867,0.745
2021/11/17 5:36:00,1.3734943,1.25718,0.88513,0.93195,1.35762,0.7449
2021/11/17 5:42:00,1.373683,1.2573,0.88518,0.93231,1.3583,0.74503
2021/11/17 5:48:00,1.3734377,1.2569,0.88499,0.93214,1.3581,0.7448
2021/11/17 5:54:00,1.3730606,1.25719,0.88499,0.93204,1.35857,0.74506
2021/11/17 6:00:00,1.37302,1.25693,0.88484,0.9318,1.35814,0.7448
2021/11/17 6:06:00,1.3716,1.25679,0.884799,0.93204,1.35826,0.74481
2021/11/17 6:12:00,1.3718174,1.2563,0.88503,0.93191,1.35829,0.7448
2021/11/17 6:18:00,1.3711966,1.25606,0.88468,0.93146,1.35803,0.74447
2021/11/17 6:24:00,1.3710838,1.2561,0.88482,0.93145,1.35828,0.74451
2021/11/17 6:30:00,1.3706704,1.25578,0.88463,0.93129,1.35808,0.7443
2021/11/17 6:36:00,1.3704262,1.2556,0.88464,0.93137,1.35833,0.74431
2021/11/17 6:42:00,1.3701821,1.25561,0.8844,0.93135,1.3575,0.7440365
2021/11/17 6:48:00,1.3702384,1.2555,0.884486,0.93127,1.3576,0.74375
2021/11/17 6:54:00,1.3704,1.25531,0.884643,0.93125,1.35842,0.74386
2021/11/17 7:00:00,1.3702,1.25533,0.884643,0.93126,1.35823,0.74309
2021/11/17 7:06:00,1.3705577,1.25572,0.884564,0.93165,1.35806,0.74336
2021/11/17 7:12:00,1.3702,1.25555,0.88436,0.93153,1.35818,0.74336
2021/11/17 7:18:00,1.3709335,1.25543,0.88394,0.93103,1.3582,0.74333
2021/11/17 7:24:00,1.36939,1.25442,0.8839,0.93087,1.35771,0.74304
2021/11/17 7:30:00,1.3696191,1.25433,0.8837,0.93091,1.35752,0.74275
2021/11/17 7:36:00,1.3693378,1.2544,0.88388,0.93104,1.3574,0.74254
2021/11/17 7:42:00,1.369863,1.25505,0.88417,0.93117,1.3576,0.7432
2021/11/17 7:48:00,1.3700507,1.25457,0.884173,0.93085,1.35807,0.74304
2021/11/17 7:54:00,1.3709335,1.25468,0.88471,0.93125,1.35826,0.74364
2021/11/17 8:00:00,1.37161,1.25533,0.884564,0.9314,1.3584,0.74408
2021/11/17 8:06:00,1.3718174,1.25501,0.88438,0.9311,1.35823,0.74406
2021/11/17 8:12:00,1.37199,1.2547,0.88423,0.93125,1.35808,0.74426
2021/11/17 8:18:00,1.3710838,1.25429,0.88365,0.93091,1.35763,0.74348
2021/11/17 8:24:00,1.3713471,1.25432,0.88349,0.93027,1.35742,0.74335
2021/11/17 8:30:00,1.3714,1.25459,0.88364,0.9309,1.35728,0.74326
2021/11/17 8:36:00,1.3717986,1.25487,0.883704,0.93072,1.35745,0.7438
2021/11/17 8:42:00,1.3713847,1.25458,0.88367,0.93026,1.35701,0.74395
2021/11/17 8:48:00,1.37122,1.25413,0.88335,0.9307,1.35676,0.74363
2021/11/17 8:54:00,1.3714,1.25438,0.883548,0.9306,1.35698,0.74353
2021/11/17 9:00:00,1.371855,1.2546,0.88386,0.93156,1.35754,0.7438
2021/11/17 9:06:00,1.3717421,1.25474,0.883548,0.9309,1.3569,0.74385
2021/11/17 9:12:00,1.3724952,1.25518,0.88398,0.93147,1.35775,0.74381
2021/11/17 9:18:00,1.3730417,1.25518,0.8839,0.9317,1.3577,0.74403
2021/11/17 9:24:00,1.373834,1.25571,0.88405,0.93186,1.35793,0.7443
2021/11/17 9:30:00,1.3734,1.25572,0.88404,0.93168,1.35791,0.74409
2021/11/17 9:36:00,1.374136,1.25635,0.88399,0.93167,1.35809,0.74436
2021/11/17 9:42:00,1.37393,1.25657,0.8839,0.932,1.35803,0.74463
2021/11/17 9:48:00,1.3734377,1.25666,0.88389,0.9313,1.358,0.74433
2021/11/17 9:54:00,1.3734,1.25659,0.8838,0.9316,1.3575,0.7445
2021/11/17 10:00:00,1.37391,1.25662,0.88411,0.93152,1.35858,0.74492
2021/11/17 10:06:00,1.37444,1.25673,0.88391,0.93143,1.3581,0.74491
2021/11/17 10:12:00,1.37438,1.2567,0.8839,0.93127,1.3582,0.74489
2021/11/17 10:18:00,1.3740794,1.25662,0.88369,0.93083,1.358,0.74457
2021/11/17 10:24:00,1.374,1.25652,0.883783,0.931,1.35857,0.74452
2021/11/17 10:30:00,1.3743626,1.2563,0.883548,0.93093,1.35853,0.7447
2021/11/17 10:36:00,1.3749295,1.25669,0.88415,0.9308,1.35843,0.7444
2021/11/17 10:42:00,1.37463,1.25722,0.883861,0.93057,1.35858,0.74432
2021/11/17 10:48:00,1.3748917,1.25725,0.884095,0.93047,1.3581,0.74437
2021/11/17 10:54:00,1.3748,1.25719,0.884173,0.93044,1.35883,0.74405
2021/11/17 11:00:00,1.37432,1.25729,0.88424,0.93059,1.35854,0.74427
2021/11/17 11:06:00,1.37344,1.2569,0.883861,0.93098,1.35826,0.74409
2021/11/17 11:12:00,1.37265,1.25699,0.883626,0.93074,1.3579,0.74405
2021/11/17 11:18:00,1.3729097,1.25727,0.884017,0.93103,1.3583,0.74429
2021/11/17 11:24:00,1.37272,1.2571,0.8838,0.93082,1.35823,0.74401
2021/11/17 11:30:00,1.3720997,1.25676,0.8836,0.93063,1.35785,0.74368
2021/11/17 11:36:00,1.3716668,1.25681,0.88373,0.93089,1.35778,0.7437
2021/11/17 11:42:00,1.37191,1.25694,0.88381,0.93099,1.3573,0.74363
2021/11/17 11:48:00,1.3718174,1.25702,0.88348,0.93063,1.3569,0.74327
2021/11/17 11:54:00,1.37118,1.25682,0.882846,0.93026,1.35715,0.7432
2021/11/17 12:00:00,1.3708019,1.25617,0.8828,0.93021,1.35664,0.74314
2021/11/17 12:06:00,1.3705577,1.2559,0.8827,0.93001,1.35659,0.74286
2021/11/17 12:12:00,1.3703323,1.2554,0.8825,0.92995,1.3561,0.7425
2021/11/17 12:18:00,1.3702196,1.25562,0.88266,0.92999,1.35663,0.74267
2021/11/17 12:24:00,1.3708,1.25569,0.88298,0.93019,1.3566,0.74298
2021/11/17 12:30:00,1.3710462,1.25552,0.882924,0.93032,1.3568,0.7431
2021/11/17 12:36:00,1.3708771,1.25558,0.88308,0.93029,1.35727,0.74301
2021/11/17 12:42:00,1.37073,1.2555,0.883314,0.93026,1.35714,0.74301
2021/11/17 12:48:00,1.3704262,1.25554,0.88303,0.92989,1.35691,0.74309
2021/11/17 12:54:00,1.3704,1.25561,0.88359,0.93015,1.35738,0.74318
2021/11/17 13:00:00,1.3712719,1.2556,0.8833,0.9302,1.35753,0.74311
2021/11/17 13:06:00,1.3712907,1.25537,0.8836,0.9302,1.35758,0.74315
2021/11/17 13:12:00,1.3713659,1.25502,0.88363,0.9304,1.35731,0.74291
2021/11/17 13:18:00,1.3713471,1.25548,0.88371,0.93048,1.35738,0.7429
2021/11/17 13:24:00,1.3712154,1.25497,0.883626,0.93041,1.3572,0.74251
2021/11/17 13:30:00,1.3712907,1.25777,0.88391,0.93033,1.35712,0.74207
2021/11/17 13:36:00,1.3720244,1.25816,0.88443,0.93081,1.35771,0.74284
2021/11/17 13:42:00,1.37193,1.25882,0.88413,0.93092,1.35771,0.7428
2021/11/17 13:48:00,1.3721186,1.2589,0.88463,0.93153,1.35718,0.74308
2021/11/17 13:54:00,1.37346,1.25889,0.884956,0.93184,1.35827,0.7432
2021/11/17 14:00:00,1.37389,1.25873,0.88489,0.93187,1.35819,0.74318
2021/11/17 14:06:00,1.37431,1.25836,0.88485,0.93172,1.35813,0.74307
2021/11/17 14:12:00,1.37459,1.25858,0.88474,0.93144,1.35819,0.7426
2021/11/17 14:18:00,1.37502,1.25879,0.88442,0.93128,1.3577,0.74253
2021/11/17 14:24:00,1.37453,1.25823,0.88422,0.93122,1.35805,0.74203
2021/11/17 14:30:00,1.3747027,1.25822,0.88425,0.9309,1.35781,0.74199
2021/11/17 14:36:00,1.37378,1.25744,0.88392,0.93032,1.35747,0.74135
2021/11/17 14:42:00,1.3737585,1.25762,0.883392,0.9302,1.35737,0.74189
2021/11/17 14:48:00,1.3741927,1.25838,0.883236,0.9297,1.357,0.74217
2021/11/17 14:54:00,1.3745516,1.258,0.8835,0.92978,1.35754,0.74257
2021/11/17 15:00:00,1.3737962,1.25809,0.88384,0.93031,1.35765,0.74251
2021/11/17 15:06:00,1.3741738,1.25809,0.88411,0.93005,1.3577,0.74289
2021/11/17 15:12:00,1.3741927,1.2585,0.88424,0.9302,1.35789,0.74285
2021/11/17 15:18:00,1.3742871,1.2584,0.88405,0.92997,1.35781,0.74266
2021/11/17 15:24:00,1.3742304,1.25793,0.88417,0.92969,1.35807,0.74251
2021/11/17 15:30:00,1.375251,1.25837,0.8845,0.9298,1.35791,0.74295
2021/11/17 15:36:00,1.3751375,1.25877,0.88489,0.93065,1.35816,0.7431
2021/11/17 15:42:00,1.3758754,1.25903,0.8852,0.93093,1.35848,0.74322
2021/11/17 15:48:00,1.37463,1.25896,0.88453,0.92986,1.35781,0.74262
2021/11/17 15:54:00,1.3743249,1.25941,0.8843,0.92953,1.35758,0.74264
2021/11/17 16:00:00,1.3746271,1.2591,0.883939,0.9292,1.35779,0.74267
2021/11/17 16:06:00,1.3752888,1.2594,0.88427,0.92974,1.3578,0.74257
2021/11/17 16:12:00,1.37565,1.25956,0.88457,0.93003,1.35795,0.74279
2021/11/17 16:18:00,1.3761215,1.25985,0.88485,0.93014,1.35815,0.74278
2021/11/17 16:24:00,1.3759,1.2599,0.884408,0.92972,1.3575,0.74251
2021/11/17 16:30:00,1.375705,1.2592,0.884095,0.92967,1.35788,0.74202
2021/11/17 16:36:00,1.3760458,1.25969,0.883861,0.92972,1.3573,0.742
2021/11/17 16:42:00,1.37603,1.26024,0.883548,0.929,1.35742,0.74183
2021/11/17 16:48:00,1.3757618,1.26,0.884,0.92947,1.35765,0.74199
2021/11/17 16:54:00,1.37489,1.25927,0.88308,0.9287,1.35719,0.74148
2021/11/17 17:00:00,1.374835,1.25929,0.88318,0.92893,1.35706,0.7417
2021/11/17 17:06:00,1.3754212,1.25958,0.88315,0.92892,1.3568,0.74163
2021/11/17 17:12:00,1.3753,1.25981,0.88307,0.92899,1.35705,0.7415
2021/11/17 17:18:00,1.375478,1.25973,0.883314,0.92888,1.3566,0.7414
2021/11/17 17:24:00,1.3753266,1.25972,0.88329,0.92843,1.3567,0.74112
2021/11/17 17:30:00,1.3757997,1.25992,0.883392,0.92851,1.35711,0.7413
2021/11/17 17:36:00,1.375043,1.25977,0.88306,0.92784,1.35663,0.74105
2021/11/17 17:42:00,1.3755158,1.26002,0.883002,0.92796,1.35646,0.74109
2021/11/17 17:48:00,1.3756672,1.2602,0.88312,0.92797,1.35639,0.74123
2021/11/17 17:54:00,1.3755726,1.26019,0.88347,0.92834,1.35674,0.74121
2021/11/17 18:00:00,1.3754212,1.26031,0.8831,0.92779,1.35654,0.7411
2021/11/17 18:06:00,1.37588,1.26037,0.88322,0.9277,1.35639,0.74122
2021/11/17 18:12:00,1.375705,1.26,0.8832,0.92775,1.35643,0.74123
2021/11/17 18:18:00,1.3754591,1.25957,0.88323,0.92797,1.35628,0.74104
2021/11/17 18:24:00,1.37506,1.2592,0.883002,0.92771,1.35633,0.74102
2021/11/17 18:30:00,1.3754212,1.25965,0.88314,0.92784,1.3557,0.74109
2021/11/17 18:36:00,1.3755158,1.26181,0.88343,0.92825,1.35635,0.74125
2021/11/17 18:42:00,1.3759,1.26143,0.883548,0.92847,1.3566,0.74133
2021/11/17 18:48:00,1.37595,1.2611,0.88354,0.92862,1.35637,0.74108
2021/11/17 18:54:00,1.3757,1.26101,0.88352,0.9282,1.3561,0.741
2021/11/17 19:00:00,1.3759,1.26117,0.88358,0.92859,1.35681,0.74131
2021/11/17 19:06:00,1.3757,1.26151,0.88351,0.9283,1.35684,0.7413
2021/11/17 19:12:00,1.3764625,1.26197,0.883236,0.92835,1.3564,0.74153
2021/11/17 19:18:00,1.377107,1.26205,0.88381,0.92869,1.3572,0.74179
2021/11/17 19:24:00,1.37699,1.26167,0.883704,0.92866,1.3563,0.74164
2021/11/17 19:30:00,1.3769174,1.26201,0.8835,0.92855,1.35651,0.74171
2021/11/17 19:36:00,1.3763,1.2616,0.88374,0.92841,1.35644,0.74155
2021/11/17 19:42:00,1.3768415,1.2614,0.8837,0.92844,1.35617,0.74148
2021/11/17 19:48:00,1.37713,1.26175,0.883704,0.92857,1.3559,0.74161
2021/11/17 19:54:00,1.37732,1.26151,0.88378,0.92828,1.35646,0.74153
2021/11/17 20:00:00,1.3773156,1.26151,0.88398,0.9287,1.3561,0.74164
2021/11/17 20:06:00,1.3772208,1.26085,0.883704,0.92868,1.35644,0.7415372
2021/11/17 20:12:00,1.3758943,1.26028,0.8833,0.9281,1.3556,0.74116
2021/11/17 20:18:00,1.3767467,1.2606,0.88346,0.92835,1.35593,0.7412679
2021/11/17 20:24:00,1.37654,1.26061,0.8835,0.92827,1.35597,0.74114
2021/11/17 20:30:00,1.376292,1.26059,0.88352,0.92844,1.3556,0.74129
2021/11/17 20:36:00,1.375705,1.26066,0.8834,0.92833,1.3553,0.7414
2021/11/17 20:42:00,1.3760837,1.26084,0.883314,0.9281,1.355,0.74136
2021/11/17 20:48:00,1.3761594,1.26089,0.8834,0.92808,1.35551,0.74143
2021/11/17 20:54:00,1.3761594,1.26122,0.88316,0.92788,1.3554,0.7411
2021/11/17 21:00:00,1.3758943,1.26063,0.88337,0.92775,1.35507,0.74116
2021/11/17 21:06:00,1.37654,1.26085,0.8833,0.92796,1.35532,0.74125
2021/11/17 21:12:00,1.3759,1.2608,0.88348,0.9281,1.3548,0.74125
2021/11/17 21:18:00,1.3758943,1.26105,0.8832,0.92805,1.35528,0.7412
2021/11/17 21:24:00,1.37648,1.26083,0.88338,0.92797,1.3553,0.74115
2021/11/17 21:30:00,1.3762731,1.2607,0.88321,0.92791,1.355,0.741125
2021/11/17 21:36:00,1.3761,1.2607,0.883,0.92783,1.35519,0.74114
2021/11/17 21:42:00,1.3760837,1.26067,0.8832,0.92789,1.35528,0.74106
2021/11/17 21:48:00,1.375705,1.26061,0.883,0.9279,1.3551,0.74106
2021/11/17 21:54:00,1.3757,1.26105,0.88342,0.9282,1.35543,0.7413
2021/11/17 22:00:00,1.37573,1.26062,0.8831,0.9284,1.35538,0.74121
2021/11/17 22:06:00,1.37576,1.26063,0.88313,0.9281646,1.3553,0.74114
2021/11/17 22:12:00,1.3759,1.26073,0.8832,0.9283,1.3554,0.74113
2021/11/17 22:18:00,1.3761,1.2612,0.8832,0.9284,1.3555,0.7413448
2021/11/17 22:24:00,1.37593,1.2612,0.8832,0.9284,1.35585,0.7412
2021/11/17 22:30:00,1.376292,1.26119,0.88321,0.9282,1.35571,0.74102
2021/11/17 22:36:00,1.37618,1.26104,0.88328,0.92779,1.35562,0.74116
2021/11/17 22:42:00,1.3761,1.26103,0.88322,0.9281,1.35575,0.74098
2021/11/17 22:48:00,1.37614,1.26078,0.88331,0.92796,1.3554,0.74098
2021/11/17 22:54:00,1.37651,1.26108,0.88335,0.92795,1.35551,0.74099
2021/11/17 23:00:00,1.3761,1.26095,0.8835,0.9283,1.35555,0.74089
2021/11/17 23:06:00,1.37611,1.26092,0.88357,0.92835,1.3553,0.741
2021/11/17 23:12:00,1.37657,1.26118,0.88361,0.9284,1.35533,0.74113
2021/11/17 23:18:00,1.37639,1.26135,0.8835,0.92847,1.35533,0.74108
2021/11/17 23:24:00,1.37602,1.26114,0.88342,0.92852,1.35533,0.74113
2021/11/17 23:30:00,1.3758943,1.2612,0.8836,0.9287,1.35566,0.7413
2021/11/17 23:36:00,1.3755158,1.26113,0.88347,0.92866,1.35539,0.7412
2021/11/17 23:42:00,1.37589,1.2609,0.8834,0.9283,1.35553,0.74118
2021/11/17 23:48:00,1.3755,1.2611,0.8834,0.9285,1.3551,0.7412
2021/11/17 23:54:00,1.3758186,1.26106,0.8833,0.92853,1.35553,0.7412
2021/11/18 0:00:00,1.3755537,1.2608,0.88339,0.92859,1.35545,0.74122
2021/11/18 0:06:00,1.375705,1.26086,0.88335,0.92843,1.35556,0.74121
2021/11/18 0:12:00,1.37588,1.26082,0.88331,0.9283,1.35571,0.7412
2021/11/18 0:18:00,1.3751375,1.26037,0.8829,0.9278,1.35549,0.74088
2021/11/18 0:24:00,1.3755158,1.26044,0.88312,0.92806,1.35561,0.741
2021/11/18 0:30:00,1.3762731,1.26103,0.88361,0.9281,1.3556,0.74124
2021/11/18 0:36:00,1.3766141,1.26124,0.88341,0.92822,1.3555,0.74145
2021/11/18 0:42:00,1.3761,1.261,0.8832,0.92821,1.35578,0.74134
2021/11/18 0:48:00,1.37648,1.26093,0.8828,0.92823,1.3554,0.74125
2021/11/18 0:54:00,1.3773725,1.26105,0.8831,0.9282,1.35602,0.74143
2021/11/18 1:00:00,1.37779,1.26139,0.88341,0.92846,1.35628,0.7415
2021/11/18 1:06:00,1.3772208,1.26128,0.88327,0.92832,1.35624,0.74142
2021/11/18 1:12:00,1.3768,1.26108,0.88306,0.92813,1.35598,0.7413
2021/11/18 1:18:00,1.3774864,1.26111,0.88292,0.928,1.35601,0.7412
2021/11/18 1:24:00,1.377088,1.261,0.88274,0.9278,1.35575,0.74115
2021/11/18 1:30:00,1.3768,1.26115,0.8828,0.9278,1.3552,0.7412184
2021/11/18 1:36:00,1.37815,1.26169,0.88291,0.92797,1.35643,0.74139
2021/11/18 1:42:00,1.3785118,1.26204,0.883,0.92807,1.35654,0.74147
2021/11/18 1:48:00,1.378949,1.26223,0.88308,0.92822,1.3563,0.74137
2021/11/18 1:54:00,1.37796,1.26225,0.88303,0.928,1.35676,0.74132
2021/11/18 2:00:00,1.3777331,1.26185,0.88269,0.92769,1.35635,0.74116
2021/11/18 2:06:00,1.37726,1.26185,0.88217,0.92718,1.35568,0.74095
2021/11/18 2:12:00,1.3769174,1.26196,0.88202,0.927,1.35547,0.7408
2021/11/18 2:18:00,1.3769363,1.26188,0.882,0.92701,1.3552,0.74077
2021/11/18 2:24:00,1.3768984,1.26167,0.88218,0.92718,1.35576,0.74072
2021/11/18 2:30:00,1.3776,1.2618,0.8825,0.92737,1.3559,0.74108
2021/11/18 2:36:00,1.3773156,1.26181,0.8825,0.92717,1.35588,0.74098
2021/11/18 2:42:00,1.377,1.2617,0.88245,0.92744,1.35585,0.7411
2021/11/18 2:48:00,1.376652,1.26192,0.88242,0.92756,1.3555,0.741
2021/11/18 2:54:00,1.3761215,1.26197,0.8822,0.92748,1.35593,0.7408505
2021/11/18 3:00:00,1.37589,1.26188,0.88224,0.92746,1.35581,0.7408
2021/11/18 3:06:00,1.375705,1.26183,0.88241,0.92762,1.35612,0.74088
2021/11/18 3:12:00,1.3766899,1.26193,0.88272,0.92781,1.35646,0.74105
2021/11/18 3:18:00,1.37707,1.26201,0.88272,0.92787,1.3564,0.7412
2021/11/18 3:24:00,1.3763,1.2619,0.88264,0.9276,1.3559,0.7411
2021/11/18 3:30:00,1.3761,1.26203,0.88249,0.92768,1.35623,0.741
2021/11/18 3:36:00,1.37616,1.26207,0.88267,0.92777,1.35624,0.74109
2021/11/18 3:42:00,1.3753,1.26224,0.88263,0.92762,1.35643,0.74113
2021/11/18 3:48:00,1.3751,1.26195,0.8824,0.9276,1.3557,0.741
2021/11/18 3:54:00,1.37589,1.262,0.88273,0.9277,1.35631,0.741
2021/11/18 4:00:00,1.3754212,1.262,0.88279,0.9275,1.35622,0.74104
2021/11/18 4:06:00,1.37519,1.2617,0.88274,0.9275,1.35626,0.74105
2021/11/18 4:12:00,1.37504,1.2616,0.88274,0.92779,1.35633,0.74107
2021/11/18 4:18:00,1.3747,1.2615,0.88274,0.92779,1.35632,0.7411
2021/11/18 4:24:00,1.374646,1.26132,0.8825,0.92781,1.3558,0.74105
2021/11/18 4:30:00,1.3744571,1.26131,0.88261,0.92777,1.35625,0.741
2021/11/18 4:36:00,1.3738,1.26123,0.88257,0.92788,1.35615,0.74104
2021/11/18 4:42:00,1.3743815,1.2613,0.88274,0.9278,1.35624,0.7410701
2021/11/18 4:48:00,1.3745704,1.26142,0.8827,0.92804,1.35645,0.7411
2021/11/18 4:54:00,1.3744,1.26138,0.88296,0.9277,1.3561,0.7412349
2021/11/18 5:00:00,1.3750997,1.26141,0.88313,0.9283,1.35678,0.74134
2021/11/18 5:06:00,1.37525,1.26134,0.88335,0.92847,1.3562,0.7415
2021/11/18 5:12:00,1.37448,1.26116,0.88335,0.92846,1.35676,0.7415
2021/11/18 5:18:00,1.3743815,1.2613,0.88338,0.92843,1.3562,0.74153
2021/11/18 5:24:00,1.3744,1.26128,0.88338,0.92833,1.3566,0.74143
2021/11/18 5:30:00,1.3741927,1.2611,0.88345,0.9283,1.35662,0.74144
2021/11/18 5:36:00,1.3741927,1.261,0.88351,0.92847,1.3562,0.7415
2021/11/18 5:42:00,1.3742,1.2611,0.8834,0.92843,1.35674,0.7414053
2021/11/18 5:48:00,1.3745704,1.261,0.88342,0.9284,1.35688,0.74143
2021/11/18 5:54:00,1.3740416,1.26107,0.88351,0.92856,1.3565,0.7412349
2021/11/18 6:00:00,1.3743626,1.26097,0.8832,0.9284,1.3565,0.7413
2021/11/18 6:06:00,1.3736,1.2609,0.88341,0.92848,1.35687,0.74126
2021/11/18 6:12:00,1.37466,1.26123,0.88365,0.9287,1.35728,0.74138
2021/11/18 6:18:00,1.3746271,1.26113,0.883392,0.92859,1.35704,0.74132
2021/11/18 6:24:00,1.3736,1.2607,0.88342,0.9285,1.35663,0.7411
2021/11/18 6:30:00,1.3732,1.2604,0.8834,0.9286,1.3562,0.74113
2021/11/18 6:36:00,1.3732491,1.26087,0.88373,0.9289,1.35706,0.74126
2021/11/18 6:42:00,1.3734566,1.26067,0.8836,0.92897,1.3565,0.7412
2021/11/18 6:48:00,1.3738,1.26075,0.8834,0.92884,1.3565,0.7412
2021/11/18 6:54:00,1.37338,1.26076,0.88339,0.9286,1.3562,0.74099
2021/11/18 7:00:00,1.3738528,1.2606,0.88357,0.92875,1.3561,0.74127
2021/11/18 7:06:00,1.3734566,1.26071,0.88333,0.9285,1.3561,0.74093
2021/11/18 7:12:00,1.3723,1.2604,0.883,0.9283,1.35641,0.74077
2021/11/18 7:18:00,1.3715916,1.26029,0.88314,0.92851,1.35636,0.74055
2021/11/18 7:24:00,1.3714787,1.26016,0.8827,0.92827,1.35611,0.7401
2021/11/18 7:30:00,1.3721186,1.26046,0.88276,0.928,1.3557,0.74044
2021/11/18 7:36:00,1.37212,1.26032,0.8822,0.92733,1.35606,0.7401
2021/11/18 7:42:00,1.37219,1.26022,0.8822,0.92724,1.35612,0.74016
2021/11/18 7:48:00,1.3720621,1.26009,0.88201,0.92685,1.3556,0.74011
2021/11/18 7:54:00,1.37169,1.26007,0.88221,0.92745,1.3557,0.74015
2021/11/18 8:00:00,1.3723445,1.2607,0.88232,0.92829,1.35647,0.74036
2021/11/18 8:06:00,1.37218,1.2606,0.88221,0.9275,1.35618,0.74041
2021/11/18 8:12:00,1.3726082,1.26086,0.8821,0.92773,1.35654,0.74055
2021/11/18 8:18:00,1.3727024,1.26112,0.88224,0.9276,1.3565,0.74093
2021/11/18 8:24:00,1.37251,1.26094,0.88194,0.9273,1.35653,0.74073
2021/11/18 8:30:00,1.3739095,1.2616,0.88239,0.92818,1.3567,0.74087
2021/11/18 8:36:00,1.3738,1.26184,0.8826,0.9283,1.3572,0.7413
2021/11/18 8:42:00,1.3741738,1.26155,0.88243,0.92791,1.35734,0.74118
2021/11/18 8:48:00,1.3742304,1.26174,0.88247,0.92823,1.3575,0.74103
2021/11/18 8:54:00,1.37378,1.26153,0.8823,0.92723,1.3569,0.74089
2021/11/18 9:00:00,1.3730983,1.2606,0.88239,0.92776,1.35731,0.7406
2021/11/18 9:06:00,1.3732302,1.26105,0.88277,0.92828,1.35746,0.74076
2021/11/18 9:12:00,1.3726836,1.26063,0.88259,0.92806,1.35728,0.74051
2021/11/18 9:18:00,1.3727,1.26046,0.88257,0.92791,1.35747,0.74043
2021/11/18 9:24:00,1.37197,1.26024,0.88254,0.92765,1.3573,0.7404
2021/11/18 9:30:00,1.3718174,1.26048,0.8822,0.9268,1.35775,0.74045
2021/11/18 9:36:00,1.3721939,1.2608,0.88274,0.92747,1.35788,0.7404
2021/11/18 9:42:00,1.372288,1.2605,0.88284,0.92766,1.35778,0.74071
2021/11/18 9:48:00,1.372872,1.2608,0.8828,0.92747,1.3577,0.74111
2021/11/18 9:54:00,1.3727,1.2604,0.88245,0.92704,1.35791,0.74113
2021/11/18 10:00:00,1.37308,1.26055,0.8823,0.92695,1.35791,0.74103
2021/11/18 10:06:00,1.3732302,1.2602,0.88249,0.92729,1.3573,0.74106
2021/11/18 10:12:00,1.3736075,1.26064,0.88258,0.92732,1.3575,0.7411
2021/11/18 10:18:00,1.3732868,1.26044,0.88264,0.9273,1.35825,0.74114
2021/11/18 10:24:00,1.372872,1.26054,0.88253,0.92752,1.3584,0.7413
2021/11/18 10:30:00,1.3722315,1.26009,0.88221,0.92716,1.35852,0.74086
2021/11/18 10:36:00,1.372514,1.25999,0.882,0.92706,1.35853,0.74095
2021/11/18 10:42:00,1.3727401,1.25987,0.8818,0.92696,1.35847,0.741
2021/11/18 10:48:00,1.37304,1.26004,0.88205,0.9265,1.35807,0.74104
2021/11/18 10:54:00,1.3730417,1.25993,0.88202,0.92676,1.35811,0.74119
2021/11/18 11:00:00,1.3724952,1.2596,0.88197,0.92697,1.3576,0.74118
2021/11/18 11:06:00,1.37274,1.2596,0.88153,0.92664,1.3576,0.74109
2021/11/18 11:12:00,1.3725,1.25977,0.8814,0.92667,1.3574,0.74097
2021/11/18 11:18:00,1.37191,1.25965,0.88148,0.92648,1.35758,0.74077
2021/11/18 11:24:00,1.3717,1.25957,0.88147,0.92706,1.35761,0.74083
2021/11/18 11:30:00,1.37178,1.25948,0.88127,0.92688,1.35748,0.741
2021/11/18 11:36:00,1.3720244,1.25992,0.88128,0.92695,1.35764,0.74098
2021/11/18 11:42:00,1.3721186,1.26003,0.88137,0.92704,1.35777,0.74113
2021/11/18 11:48:00,1.372175,1.2601,0.88143,0.92695,1.35786,0.7412
2021/11/18 11:54:00,1.3723445,1.26012,0.8814,0.92658,1.35802,0.74141
2021/11/18 12:00:00,1.37187,1.25969,0.8813,0.92677,1.3574,0.74112
2021/11/18 12:06:00,1.3718738,1.25968,0.88146,0.9264,1.35795,0.7413
2021/11/18 12:12:00,1.3722692,1.26016,0.88175,0.92664,1.3576,0.74169
2021/11/18 12:18:00,1.37263,1.26031,0.88182,0.92687,1.3579,0.7417
2021/11/18 12:24:00,1.37268,1.25994,0.88174,0.9267,1.3581,0.74169
2021/11/18 12:30:00,1.37291,1.26019,0.88176,0.92674,1.35817,0.7419
2021/11/18 12:36:00,1.3724387,1.2603,0.88128,0.92621,1.35782,0.74161
2021/11/18 12:42:00,1.372175,1.26003,0.88125,0.92591,1.35778,0.7415
2021/11/18 12:48:00,1.3721186,1.25979,0.88141,0.92622,1.3573,0.7415
2021/11/18 12:54:00,1.3726836,1.25967,0.8817,0.92615,1.35792,0.74194
2021/11/18 13:00:00,1.372514,1.2595,0.88124,0.92576,1.35762,0.74181
2021/11/18 13:06:00,1.3732868,1.26021,0.88154,0.9263,1.3577,0.7421
2021/11/18 13:12:00,1.37332,1.2597,0.88153,0.9269,1.3577,0.74192
2021/11/18 13:18:00,1.3747,1.26095,0.8819,0.9271,1.35866,0.74218
2021/11/18 13:24:00,1.3759133,1.26152,0.88229,0.927,1.35915,0.7423
2021/11/18 13:30:00,1.3756672,1.26095,0.88217,0.92689,1.35942,0.74213
2021/11/18 13:36:00,1.37546,1.26117,0.88222,0.9273,1.35942,0.74187
2021/11/18 13:42:00,1.3750619,1.26115,0.88166,0.92647,1.35877,0.7416
2021/11/18 13:48:00,1.3753266,1.26111,0.88197,0.9266,1.35878,0.74164
2021/11/18 13:54:00,1.376652,1.26209,0.88221,0.92706,1.35935,0.74253
2021/11/18 14:00:00,1.3763488,1.26159,0.88249,0.92749,1.35898,0.74243
2021/11/18 14:06:00,1.375989,1.26134,0.8822,0.92706,1.35885,0.74245
2021/11/18 14:12:00,1.3755915,1.26122,0.8821,0.92697,1.35842,0.74214
2021/11/18 14:18:00,1.3753266,1.26144,0.88204,0.92654,1.35844,0.74197
2021/11/18 14:24:00,1.3757997,1.26177,0.88176,0.92645,1.35862,0.74191
2021/11/18 14:30:00,1.3758943,1.26246,0.88153,0.92629,1.35854,0.7424
2021/11/18 14:36:00,1.3750808,1.26221,0.88138,0.92612,1.35795,0.7422
2021/11/18 14:42:00,1.37563,1.26294,0.88189,0.9267,1.358,0.7422
2021/11/18 14:48:00,1.3767847,1.2632,0.88153,0.92681,1.35854,0.74237
2021/11/18 14:54:00,1.37646,1.26296,0.88174,0.92684,1.3581,0.7423
2021/11/18 15:00:00,1.37658,1.26288,0.8817,0.92745,1.35856,0.74239
2021/11/18 15:06:00,1.37722,1.26366,0.88184,0.92732,1.35901,0.74216
2021/11/18 15:12:00,1.3784928,1.26412,0.88129,0.92628,1.35868,0.74205
2021/11/18 15:18:00,1.3772018,1.26383,0.88049,0.92577,1.35805,0.74153
2021/11/18 15:24:00,1.3777141,1.26424,0.88097,0.92579,1.358,0.74188
2021/11/18 15:30:00,1.376652,1.26399,0.88061,0.92582,1.35784,0.74159
2021/11/18 15:36:00,1.3776002,1.26412,0.88097,0.92596,1.3576,0.74189
2021/11/18 15:42:00,1.37781,1.26375,0.88066,0.92569,1.3573,0.74191
2021/11/18 15:48:00,1.37821,1.26348,0.88117,0.926,1.35811,0.74211
2021/11/18 15:54:00,1.3774674,1.26405,0.88116,0.92616,1.35819,0.74195
2021/11/18 16:00:00,1.3775053,1.26358,0.88105,0.92622,1.35802,0.74205
2021/11/18 16:06:00,1.3764435,1.26325,0.88079,0.92637,1.3576,0.74197
2021/11/18 16:12:00,1.37639,1.26347,0.8812,0.92664,1.3575,0.7422
2021/11/18 16:18:00,1.3766,1.2634,0.88119,0.92655,1.35802,0.7422
2021/11/18 16:24:00,1.37665,1.26349,0.88121,0.92662,1.35767,0.74225
2021/11/18 16:30:00,1.3762352,1.26278,0.88081,0.9262,1.3576,0.74166
2021/11/18 16:36:00,1.375705,1.26294,0.8805,0.92608,1.3571,0.74159
2021/11/18 16:42:00,1.3758754,1.26328,0.88071,0.9262,1.35731,0.74159
2021/11/18 16:48:00,1.3761,1.26331,0.88058,0.92615,1.35727,0.74176
2021/11/18 16:54:00,1.3755726,1.26288,0.8803,0.9258,1.35688,0.74138
2021/11/18 17:00:00,1.3743815,1.26248,0.87989,0.92548,1.35657,0.74102
2021/11/18 17:06:00,1.374,1.2622,0.87959,0.9252,1.3561,0.7409
2021/11/18 17:12:00,1.37419,1.2622,0.87953,0.9252,1.35611,0.74099
2021/11/18 17:18:00,1.37423,1.26195,0.8793,0.92545,1.3559,0.74093
2021/11/18 17:24:00,1.373532,1.26079,0.8792,0.92531,1.35594,0.74077
2021/11/18 17:30:00,1.37334,1.26025,0.87921,0.92525,1.3556,0.74077
2021/11/18 17:36:00,1.37336,1.26007,0.8792,0.92515,1.35578,0.74074
2021/11/18 17:42:00,1.37324,1.25975,0.8793,0.925,1.35581,0.74076
2021/11/18 17:48:00,1.3746082,1.26051,0.8793,0.92528,1.35647,0.7408
2021/11/18 17:54:00,1.3738151,1.2603,0.8794,0.9254,1.35623,0.74078
2021/11/18 18:00:00,1.3743626,1.26014,0.8794,0.92544,1.3559,0.74055
2021/11/18 18:06:00,1.3742682,1.26034,0.87924,0.92536,1.35593,0.7405
2021/11/18 18:12:00,1.37444,1.26061,0.8792,0.92525,1.35598,0.74064
2021/11/18 18:18:00,1.3750241,1.261,0.87955,0.92558,1.35622,0.74072
2021/11/18 18:24:00,1.374835,1.26103,0.87952,0.92542,1.35649,0.7408
2021/11/18 18:30:00,1.3747216,1.2607,0.87958,0.92541,1.3559,0.74072
2021/11/18 18:36:00,1.3746838,1.26082,0.8794,0.9256,1.35615,0.74076
2021/11/18 18:42:00,1.37442,1.2606,0.87955,0.92538,1.35614,0.74059
2021/11/18 18:48:00,1.3747594,1.26095,0.87963,0.92549,1.35655,0.74061
2021/11/18 18:54:00,1.3745704,1.26094,0.87966,0.92547,1.3563,0.74055
2021/11/18 19:00:00,1.37448,1.26054,0.87951,0.9255,1.35634,0.7405
2021/11/18 19:06:00,1.3741927,1.26069,0.87961,0.92568,1.35644,0.74066
2021/11/18 19:12:00,1.3747783,1.26097,0.87959,0.92572,1.35644,0.7407
2021/11/18 19:18:00,1.3746271,1.26079,0.87943,0.9253,1.3558,0.74066
2021/11/18 19:24:00,1.3746,1.26088,0.87943,0.92541,1.3558,0.74071
2021/11/18 19:30:00,1.3745327,1.26057,0.8794,0.92549,1.35628,0.74072
2021/11/18 19:36:00,1.3745704,1.26041,0.879275,0.9255,1.3558,0.74077
2021/11/18 19:42:00,1.374646,1.26036,0.87944,0.9255,1.3562,0.74083
2021/11/18 19:48:00,1.3743815,1.26014,0.87945,0.92523,1.35623,0.7409
2021/11/18 19:54:00,1.3743815,1.2602,0.87943,0.92529,1.35627,0.74089
2021/11/18 20:00:00,1.3742871,1.2598,0.87938,0.9253,1.35638,0.7407
2021/11/18 20:06:00,1.373985,1.26,0.8793,0.92544,1.3563,0.74083
2021/11/18 20:12:00,1.374,1.2601,0.87951,0.9255,1.3561,0.74103
2021/11/18 20:18:00,1.3740038,1.2602,0.87932,0.9251,1.35628,0.7409
2021/11/18 20:24:00,1.3741738,1.26034,0.87937,0.9253,1.35628,0.74082
2021/11/18 20:30:00,1.3740982,1.2605,0.8793,0.92546,1.3559,0.74072
2021/11/18 20:36:00,1.3741927,1.26062,0.87951,0.92531,1.35633,0.74081
2021/11/18 20:42:00,1.374,1.2601,0.87947,0.92555,1.3559,0.74075
2021/11/18 20:48:00,1.3740038,1.26031,0.87936,0.92549,1.35624,0.7407
2021/11/18 20:54:00,1.37423,1.25998,0.87928,0.92529,1.3557,0.74077
2021/11/18 21:00:00,1.3743815,1.2599,0.8793,0.92537,1.3557,0.7407
2021/11/18 21:06:00,1.3739283,1.25977,0.87932,0.92541,1.35612,0.7407
2021/11/18 21:12:00,1.37398,1.25977,0.8791,0.92538,1.3556,0.74073
2021/11/18 21:18:00,1.3738,1.2597,0.8794,0.92542,1.35633,0.7407792
2021/11/18 21:24:00,1.3744193,1.25997,0.8792,0.92554,1.356,0.7407462
2021/11/18 21:30:00,1.3738,1.2598,0.87935,0.9252,1.35633,0.7406859
2021/11/18 21:36:00,1.37423,1.25987,0.8792,0.92542,1.356,0.74064
2021/11/18 21:42:00,1.37414,1.2597,0.879,0.9254,1.35612,0.74054
2021/11/18 21:48:00,1.3741927,1.25981,0.87924,0.92549,1.35609,0.74069
2021/11/18 21:54:00,1.3740038,1.2595,0.879,0.92549,1.35598,0.74076
2021/11/18 22:00:00,1.37365,1.25952,0.87925,0.9263,1.3558,0.7409
2021/11/18 22:06:00,1.3740038,1.2604,0.8792,0.9256,1.3559,0.7407
2021/11/18 22:12:00,1.3742,1.26,0.87925,0.926,1.3556,0.74081
2021/11/18 22:18:00,1.3738151,1.2599,0.87935,0.92586,1.3565,0.7407
2021/11/18 22:24:00,1.3734377,1.25966,0.8792,0.926,1.3565,0.7405213
2021/11/18 22:30:00,1.3741171,1.26016,0.87921,0.92558,1.35655,0.7408066
2021/11/18 22:36:00,1.37442,1.2601,0.87934,0.92541,1.3561,0.74082
2021/11/18 22:42:00,1.3747972,1.26032,0.8794,0.92551,1.35632,0.74061
2021/11/18 22:48:00,1.3734377,1.26005,0.87923,0.92543,1.35656,0.74061
2021/11/18 22:54:00,1.3744193,1.26014,0.87928,0.9255,1.35649,0.74056
2021/11/18 23:00:00,1.3734189,1.25995,0.87929,0.92535,1.3563,0.7405
2021/11/18 23:06:00,1.3732,1.2599,0.87935,0.9254,1.3562,0.7404117
2021/11/18 23:12:00,1.3732,1.25999,0.8791,0.92545,1.3561,0.74058
2021/11/18 23:18:00,1.3730606,1.26004,0.8791,0.9256,1.3558,0.7405762
2021/11/18 23:24:00,1.3735132,1.2599,0.8793,0.92557,1.3558,0.74063
2021/11/18 23:30:00,1.3734,1.26,0.8792,0.9253,1.3559,0.7407846
2021/11/18 23:36:00,1.3738,1.2601,0.8795,0.92549,1.356,0.74081
2021/11/18 23:42:00,1.3738151,1.2599,0.8794,0.9258,1.3559,0.7407
2021/11/18 23:48:00,1.3738,1.2599,0.8792,0.92556,1.35636,0.74064
2021/11/18 23:54:00,1.3738151,1.26035,0.87965,0.9256,1.35647,0.7407407
2021/11/19 0:00:00,1.3738,1.2598,0.87965,0.9258,1.3561,0.74081
2021/11/19 0:06:00,1.3737207,1.26003,0.87969,0.92589,1.35643,0.74081
2021/11/19 0:12:00,1.3741927,1.2599,0.8798,0.92596,1.3565,0.741
2021/11/19 0:18:00,1.3734377,1.26019,0.87988,0.92597,1.3568,0.741
2021/11/19 0:24:00,1.3742682,1.26018,0.8799,0.9258,1.35706,0.74097
2021/11/19 0:30:00,1.3740038,1.26023,0.87982,0.926,1.3566,0.74093
2021/11/19 0:36:00,1.37423,1.2599,0.8796,0.92603,1.3565,0.7409
2021/11/19 0:42:00,1.3738151,1.26003,0.87987,0.92611,1.3565,0.7409
2021/11/19 0:48:00,1.3740038,1.2598,0.87993,0.926,1.35691,0.74093
2021/11/19 0:54:00,1.3745704,1.2599,0.87989,0.9261,1.35688,0.7411
2021/11/19 1:00:00,1.3746649,1.25989,0.87995,0.9262,1.35692,0.74109
2021/11/19 1:06:00,1.3751564,1.26007,0.88,0.9262,1.35706,0.7411
2021/11/19 1:12:00,1.3757429,1.2599,0.8801,0.9266,1.35764,0.7412074
2021/11/19 1:18:00,1.3749484,1.26006,0.88023,0.92647,1.357,0.74121
2021/11/19 1:24:00,1.3753266,1.26005,0.88031,0.9264,1.3575,0.74121
2021/11/19 1:30:00,1.3745138,1.2598,0.88,0.92635,1.3573,0.7412
2021/11/19 1:36:00,1.3736264,1.25974,0.88015,0.92608,1.35755,0.741
2021/11/19 1:42:00,1.3735698,1.25956,0.8801,0.92625,1.35734,0.74104
2021/11/19 1:48:00,1.373683,1.25952,0.8802,0.92648,1.35754,0.7411
2021/11/19 1:54:00,1.373985,1.25974,0.88051,0.92676,1.35759,0.74125
2021/11/19 2:00:00,1.3742304,1.25984,0.88058,0.9268,1.35793,0.74137
2021/11/19 2:06:00,1.3746082,1.25994,0.88062,0.9267,1.3575,0.74147
2021/11/19 2:12:00,1.3744,1.25982,0.8806,0.92677,1.3575,0.7414
2021/11/19 2:18:00,1.3744,1.25987,0.88058,0.92685,1.3577,0.74148
2021/11/19 2:24:00,1.3740605,1.25971,0.88058,0.92685,1.35767,0.74132
2021/11/19 2:30:00,1.3739283,1.25958,0.8804,0.92691,1.35755,0.74126
2021/11/19 2:36:00,1.3736264,1.25958,0.8804,0.92684,1.35736,0.74132
2021/11/19 2:42:00,1.3742682,1.25964,0.88053,0.92691,1.35734,0.7412
2021/11/19 2:48:00,1.37474,1.25986,0.88066,0.9267,1.35766,0.74149
2021/11/19 2:54:00,1.37527,1.2599,0.88069,0.9267,1.3573,0.74159
2021/11/19 3:00:00,1.3742,1.2594,0.88049,0.9266,1.3569,0.74128
2021/11/19 3:06:00,1.37468,1.2595,0.88062,0.92683,1.35738,0.74131
2021/11/19 3:12:00,1.3740038,1.25952,0.88052,0.9263,1.35734,0.74127
2021/11/19 3:18:00,1.3746,1.2595,0.8804,0.9265,1.35727,0.7413
2021/11/19 3:24:00,1.3749484,1.2595,0.8806,0.9263,1.35737,0.7412898
2021/11/19 3:30:00,1.3753266,1.26,0.88079,0.92666,1.357,0.7414
2021/11/19 3:36:00,1.37557,1.26013,0.88062,0.92657,1.35742,0.74152
2021/11/19 3:42:00,1.3752132,1.2599,0.8805,0.9263,1.35745,0.74151
2021/11/19 3:48:00,1.3747594,1.2598,0.8805,0.92653,1.35743,0.74156
2021/11/19 3:54:00,1.3745704,1.26011,0.88059,0.9264,1.3571,0.74146
2021/11/19 4:00:00,1.3746,1.25999,0.88056,0.9264,1.35742,0.74154
2021/11/19 4:06:00,1.3749,1.26006,0.8806,0.92652,1.35748,0.7417
2021/11/19 4:12:00,1.37493,1.2596,0.88066,0.92658,1.3572,0.7416
2021/11/19 4:18:00,1.3746649,1.25987,0.8806,0.92657,1.3569,0.7415757
2021/11/19 4:24:00,1.3744,1.2598,0.88058,0.92657,1.357,0.74154
2021/11/19 4:30:00,1.3738,1.25987,0.88054,0.92642,1.35748,0.74153
2021/11/19 4:36:00,1.3738151,1.2596,0.8805,0.92635,1.3577,0.74153
2021/11/19 4:42:00,1.3738151,1.2593,0.88057,0.9262,1.3573,0.7413
2021/11/19 4:48:00,1.3744004,1.25993,0.8806,0.92645,1.35771,0.74143
2021/11/19 4:54:00,1.3750997,1.26013,0.880747,0.92652,1.35778,0.74175
2021/11/19 5:00:00,1.3749673,1.26008,0.8807,0.92641,1.35785,0.74158
2021/11/19 5:06:00,1.3743815,1.26008,0.88069,0.9263,1.35778,0.74147
2021/11/19 5:12:00,1.3742115,1.25986,0.88065,0.926,1.3577,0.74133
2021/11/19 5:18:00,1.37436,1.25996,0.88067,0.92612,1.3571,0.74141
2021/11/19 5:24:00,1.3736264,1.25965,0.8804,0.92599,1.3571,0.74129
2021/11/19 5:30:00,1.37415,1.2597,0.8804,0.92617,1.35752,0.7413228
2021/11/19 5:36:00,1.37368,1.2594,0.88041,0.92599,1.3571,0.74131
2021/11/19 5:42:00,1.3738906,1.25945,0.88058,0.92625,1.3568,0.74138
2021/11/19 5:48:00,1.37357,1.2592,0.880359,0.9261,1.35737,0.74127
2021/11/19 5:54:00,1.3732491,1.2593,0.88081,0.92627,1.3572,0.74144
2021/11/19 6:00:00,1.3734,1.2595,0.88073,0.92627,1.35773,0.7412
2021/11/19 6:06:00,1.3733811,1.2593,0.8806,0.92606,1.3573,0.74131
2021/11/19 6:12:00,1.37334,1.2595,0.880592,0.92619,1.35798,0.74132
2021/11/19 6:18:00,1.373268,1.2592,0.88086,0.92611,1.35816,0.74127
2021/11/19 6:24:00,1.3726836,1.2592,0.88078,0.926,1.35794,0.74114
2021/11/19 6:30:00,1.3724952,1.25916,0.8804,0.92604,1.3576,0.74093
2021/11/19 6:36:00,1.3719,1.25884,0.88053,0.92584,1.35818,0.74075
2021/11/19 6:42:00,1.3726836,1.25899,0.880514,0.9259,1.35818,0.74087
2021/11/19 6:48:00,1.3719303,1.25895,0.8803,0.92607,1.35819,0.7407
2021/11/19 6:54:00,1.37255,1.25913,0.88035,0.92585,1.35808,0.74081
2021/11/19 7:00:00,1.3727967,1.25918,0.88062,0.926,1.35805,0.74087
2021/11/19 7:06:00,1.37255,1.25876,0.88063,0.92607,1.35798,0.74072
2021/11/19 7:12:00,1.3726648,1.25891,0.88066,0.926,1.35799,0.74076
2021/11/19 7:18:00,1.3717421,1.2585,0.88055,0.92572,1.35791,0.74023
2021/11/19 7:24:00,1.3718362,1.2585,0.88049,0.9257,1.3578,0.74043
2021/11/19 7:30:00,1.3715916,1.25871,0.88048,0.92567,1.3578,0.7402
2021/11/19 7:36:00,1.37159,1.25861,0.88053,0.92583,1.3579,0.74023
2021/11/19 7:42:00,1.3720809,1.259,0.88059,0.92577,1.35819,0.7406
2021/11/19 7:48:00,1.3725706,1.25926,0.88094,0.92605,1.35838,0.74072
2021/11/19 7:54:00,1.3731171,1.25956,0.88152,0.92675,1.3582,0.7412
2021/11/19 8:00:00,1.3723,1.2594,0.88172,0.92712,1.3584,0.7409
2021/11/19 8:06:00,1.3726459,1.25964,0.88175,0.92692,1.35894,0.74119
2021/11/19 8:12:00,1.3723068,1.25952,0.88156,0.92675,1.35894,0.74092
2021/11/19 8:18:00,1.3731737,1.25997,0.8821,0.92761,1.3588,0.74121
2021/11/19 8:24:00,1.3731548,1.25988,0.88208,0.92754,1.35911,0.74131
2021/11/19 8:30:00,1.3737773,1.26029,0.8819,0.92749,1.35934,0.7416
2021/11/19 8:36:00,1.374835,1.26037,0.88254,0.92762,1.35961,0.74191
2021/11/19 8:42:00,1.3749,1.2604,0.88282,0.9276,1.3595,0.7423
2021/11/19 8:48:00,1.37531,1.26076,0.88294,0.92787,1.35956,0.74273
2021/11/19 8:54:00,1.3752888,1.261,0.88309,0.928,1.3593,0.74348
2021/11/19 9:00:00,1.3766899,1.2614,0.88364,0.92811,1.3601,0.7438
2021/11/19 9:06:00,1.3768226,1.26138,0.88335,0.928,1.3597,0.7435
2021/11/19 9:12:00,1.376652,1.2614,0.88328,0.92807,1.36017,0.74354
2021/11/19 9:18:00,1.37722,1.26173,0.88328,0.92786,1.3597,0.74361
2021/11/19 9:24:00,1.3777331,1.2627,0.88416,0.92692,1.3603,0.74407
2021/11/19 9:30:00,1.378949,1.26376,0.88493,0.92724,1.36086,0.74454
2021/11/19 9:36:00,1.3791962,1.26389,0.8852,0.92637,1.36099,0.74427
2021/11/19 9:42:00,1.3788919,1.26335,0.88449,0.92526,1.3614,0.74412
2021/11/19 9:48:00,1.3800146,1.26428,0.88483,0.92561,1.36156,0.74451
2021/11/19 9:54:00,1.38057,1.2641,0.88497,0.92571,1.36169,0.74442
2021/11/19 10:00:00,1.381101,1.2647,0.8858,0.92598,1.36197,0.74522
2021/11/19 10:06:00,1.38217,1.26525,0.88587,0.92591,1.36189,0.74547
2021/11/19 10:12:00,1.3821509,1.26505,0.88573,0.92599,1.36177,0.74538
2021/11/19 10:18:00,1.3820745,1.26503,0.88534,0.92609,1.36175,0.74544
2021/11/19 10:24:00,1.3815971,1.26496,0.88512,0.92696,1.36165,0.7451
2021/11/19 10:30:00,1.38026,1.26417,0.88475,0.92695,1.3607,0.74505
2021/11/19 10:36:00,1.3804909,1.26445,0.88461,0.92682,1.3611,0.74487
2021/11/19 10:42:00,1.3810247,1.26506,0.8848,0.92664,1.36123,0.74501
2021/11/19 10:48:00,1.3809294,1.26493,0.8849,0.92679,1.36126,0.74485
2021/11/19 10:54:00,1.3804337,1.26463,0.88485,0.92652,1.36092,0.74449
2021/11/19 11:00:00,1.3806434,1.26489,0.88504,0.9267,1.36132,0.74458
2021/11/19 11:06:00,1.3814826,1.26527,0.88498,0.927,1.3613,0.74459
2021/11/19 11:12:00,1.3812155,1.26539,0.88554,0.92723,1.36139,0.74462
2021/11/19 11:18:00,1.3811773,1.26488,0.88535,0.92715,1.36136,0.74435
2021/11/19 11:24:00,1.3807196,1.2646,0.88523,0.92694,1.36121,0.74419
2021/11/19 11:30:00,1.381349,1.26524,0.88524,0.9264,1.36125,0.74443
2021/11/19 11:36:00,1.3817498,1.26554,0.88523,0.92671,1.3613,0.74435
2021/11/19 11:42:00,1.38162,1.265,0.88537,0.92662,1.3608,0.74411
2021/11/19 11:48:00,1.3822273,1.26559,0.88572,0.92677,1.36117,0.74413
2021/11/19 11:54:00,1.381578,1.26512,0.88573,0.92667,1.36106,0.74348
2021/11/19 12:00:00,1.3805671,1.2647,0.88528,0.92597,1.3606,0.74342
2021/11/19 12:06:00,1.3805481,1.26478,0.88524,0.92567,1.36041,0.74358
2021/11/19 12:12:00,1.3800718,1.26472,0.88533,0.92612,1.36028,0.74354
2021/11/19 12:18:00,1.380148,1.26444,0.8852,0.92591,1.36004,0.7433
2021/11/19 12:24:00,1.3803575,1.26485,0.885504,0.9259,1.36031,0.74364
2021/11/19 12:30:00,1.381,1.26533,0.88592,0.92639,1.36085,0.744
2021/11/19 12:36:00,1.38121,1.26548,0.88594,0.9261,1.36076,0.74383
2021/11/19 12:42:00,1.382514,1.26609,0.885975,0.92655,1.36115,0.74419
2021/11/19 12:48:00,1.3827625,1.2658,0.88719,0.92742,1.36151,0.74472
2021/11/19 12:54:00,1.38271,1.26555,0.88825,0.92824,1.36194,0.7451
2021/11/19 13:00:00,1.3827434,1.26535,0.8882,0.92877,1.36174,0.74529
2021/11/19 13:06:00,1.38284,1.26502,0.88749,0.92815,1.36139,0.74487
2021/11/19 13:12:00,1.38199,1.2645,0.8874,0.9281,1.36121,0.7444
2021/11/19 13:18:00,1.38178,1.26456,0.88657,0.92766,1.36117,0.74457
2021/11/19 13:24:00,1.3812,1.2643,0.886,0.92732,1.36058,0.74408
2021/11/19 13:30:00,1.38078,1.26395,0.88599,0.92719,1.36081,0.7437
2021/11/19 13:36:00,1.38022,1.26363,0.88594,0.92732,1.3606,0.74357
2021/11/19 13:42:00,1.3800146,1.2636,0.88571,0.92713,1.36063,0.74341
2021/11/19 13:48:00,1.3793103,1.26388,0.8857,0.92699,1.36067,0.74384
2021/11/19 13:54:00,1.380186,1.26424,0.88588,0.92672,1.36081,0.74397
2021/11/19 14:00:00,1.37904,1.2635,0.88511,0.92588,1.3603,0.7432
2021/11/19 14:06:00,1.3791772,1.26326,0.88503,0.92564,1.36031,0.74319
2021/11/19 14:12:00,1.3775812,1.26144,0.88442,0.92682,1.35999,0.74288
2021/11/19 14:18:00,1.37716,1.26156,0.88387,0.92605,1.35924,0.74272
2021/11/19 14:24:00,1.37699,1.26157,0.88384,0.92625,1.35928,0.7427
2021/11/19 14:30:00,1.377088,1.26181,0.88385,0.92604,1.35953,0.74276
2021/11/19 14:36:00,1.37722,1.26191,0.88415,0.92621,1.3595,0.74304
2021/11/19 14:42:00,1.3767088,1.26202,0.88394,0.92583,1.35961,0.74279
2021/11/19 14:48:00,1.377771,1.26283,0.88426,0.9263,1.35995,0.7433
2021/11/19 14:54:00,1.3776761,1.26244,0.8844,0.92625,1.36007,0.74336
2021/11/19 15:00:00,1.3786828,1.26307,0.8846,0.92645,1.36014,0.74384
2021/11/19 15:06:00,1.37781,1.26214,0.88431,0.92684,1.35988,0.74327
2021/11/19 15:12:00,1.3783218,1.2627,0.88452,0.9267,1.36008,0.74338
2021/11/19 15:18:00,1.37815,1.26292,0.88423,0.92661,1.35996,0.74327
2021/11/19 15:24:00,1.3785498,1.26327,0.88431,0.92649,1.3594,0.74331
2021/11/19 15:30:00,1.37766,1.26305,0.88383,0.92606,1.35944,0.74285
2021/11/19 15:36:00,1.3775812,1.26317,0.88345,0.926,1.35911,0.74234
2021/11/19 15:42:00,1.379025,1.26426,0.88392,0.92691,1.35996,0.74308
2021/11/19 15:48:00,1.379044,1.26427,0.88416,0.92703,1.35982,0.74326
2021/11/19 15:54:00,1.3785118,1.26409,0.88354,0.92661,1.35913,0.74291
2021/11/19 16:00:00,1.3776002,1.26385,0.88341,0.9262,1.3586,0.74291
2021/11/19 16:06:00,1.37836,1.26371,0.88341,0.92621,1.3589,0.74282
2021/11/19 16:12:00,1.3782458,1.26371,0.8834,0.92624,1.35854,0.74257
2021/11/19 16:18:00,1.37826,1.26382,0.88333,0.9259,1.35904,0.74272
2021/11/19 16:24:00,1.3780748,1.26333,0.88353,0.92614,1.35911,0.7427
2021/11/19 16:30:00,1.37794,1.26318,0.88359,0.92607,1.3586,0.74249
2021/11/19 16:36:00,1.3779799,1.263,0.88389,0.92634,1.3589,0.74241
2021/11/19 16:42:00,1.3776,1.26315,0.88368,0.92625,1.35911,0.74232
2021/11/19 16:48:00,1.378,1.26331,0.883626,0.9262,1.35921,0.74223
2021/11/19 16:54:00,1.3779609,1.26313,0.8835,0.92605,1.35903,0.74217
2021/11/19 17:00:00,1.3776002,1.2629,0.88367,0.9262,1.3589,0.7424
2021/11/19 17:06:00,1.3782458,1.26335,0.88356,0.9264,1.3591,0.7424842
2021/11/19 17:12:00,1.3774105,1.263,0.88347,0.92642,1.35911,0.7424
2021/11/19 17:18:00,1.3780938,1.26323,0.88365,0.92628,1.3588,0.74248
2021/11/19 17:24:00,1.3776,1.26318,0.8837,0.9265,1.35922,0.74229
2021/11/19 17:30:00,1.3774105,1.26278,0.88359,0.92649,1.35909,0.7423
2021/11/19 17:36:00,1.3805671,1.26406,0.88502,0.92818,1.36044,0.7431
2021/11/19 17:42:00,1.380834,1.26398,0.88534,0.92805,1.36058,0.74322
2021/11/19 17:48:00,1.3804,1.2638,0.88485,0.92761,1.36012,0.7428
2021/11/19 17:54:00,1.3805671,1.26367,0.88505,0.92821,1.3603,0.74311
2021/11/19 18:00:00,1.3806434,1.2637,0.88523,0.92847,1.3607,0.74323
2021/11/19 18:06:00,1.38011,1.26356,0.88478,0.928,1.36012,0.74303
2021/11/19 18:12:00,1.38068,1.26377,0.88508,0.92835,1.36,0.74316
2021/11/19 18:18:00,1.3808531,1.26398,0.8849,0.9283,1.3601,0.74308
2021/11/19 18:24:00,1.3812727,1.26456,0.885426,0.92872,1.3602,0.74338
2021/11/19 18:30:00,1.3814063,1.26433,0.88542,0.92842,1.3603,0.74341
2021/11/19 18:36:00,1.3823611,1.2648,0.885504,0.92867,1.36105,0.74375
2021/11/19 18:42:00,1.38217,1.26494,0.8856,0.9288,1.3607,0.74368
2021/11/19 18:48:00,1.3819981,1.26483,0.8858,0.9286,1.3606,0.7436
2021/11/19 18:54:00,1.3814,1.26512,0.88595,0.92888,1.36107,0.7435
2021/11/19 19:00:00,1.381979,1.2647,0.88596,0.92868,1.36113,0.74353
2021/11/19 19:06:00,1.38196,1.26486,0.88588,0.92869,1.3607,0.74363
2021/11/19 19:12:00,1.3814063,1.26484,0.88576,0.9284,1.3608,0.74353
2021/11/19 19:18:00,1.3815399,1.2645,0.8854,0.92815,1.36078,0.74337
2021/11/19 19:24:00,1.3818262,1.26489,0.88569,0.92828,1.361,0.74342
2021/11/19 19:30:00,1.381979,1.2648,0.88573,0.92863,1.3609,0.74348
2021/11/19 19:36:00,1.3812,1.26494,0.8856,0.9284,1.36101,0.74338
2021/11/19 19:42:00,1.3812155,1.2645,0.885504,0.92831,1.3608,0.743417
2021/11/19 19:48:00,1.3816162,1.26507,0.88562,0.9282,1.3608,0.7433
2021/11/19 19:54:00,1.3820936,1.26607,0.88575,0.92848,1.36117,0.74364
2021/11/19 20:00:00,1.381979,1.26572,0.88581,0.9285,1.36122,0.7436
2021/11/19 20:06:00,1.3820745,1.26538,0.88583,0.92842,1.36083,0.7435331
2021/11/19 20:12:00,1.3822082,1.26515,0.88579,0.92842,1.36121,0.7435
2021/11/19 20:18:00,1.382342,1.26489,0.88589,0.92874,1.36112,0.7436
2021/11/19 20:24:00,1.382342,1.26486,0.885661,0.9286,1.361,0.74363
2021/11/19 20:30:00,1.38207,1.26481,0.88562,0.9281,1.3609,0.74362
2021/11/19 20:36:00,1.3818,1.2648,0.8856,0.92823,1.361,0.7437
2021/11/19 20:42:00,1.38169,1.26476,0.88562,0.9282,1.36127,0.7435663
2021/11/19 20:48:00,1.3814063,1.26475,0.88566,0.92833,1.36131,0.7435
2021/11/19 20:54:00,1.38248,1.26484,0.88584,0.92848,1.3612,0.74386
2021/11/19 21:00:00,1.38286,1.26505,0.8859,0.92861,1.36134,0.74395
2021/11/19 21:06:00,1.3825522,1.2648,0.8857,0.92849,1.361,0.74356
2021/11/19 21:12:00,1.3823611,1.2647,0.8856,0.9284,1.3612,0.7436
2021/11/19 21:18:00,1.3823993,1.2646,0.8858,0.92842,1.36131,0.7435497
2021/11/19 21:24:00,1.382,1.26458,0.88612,0.92889,1.3612,0.74373
2021/11/19 21:30:00,1.38234,1.2644,0.8859,0.9286,1.36176,0.7436
2021/11/19 21:36:00,1.381979,1.2644,0.88618,0.9287,1.36193,0.74355
2021/11/19 21:42:00,1.3814063,1.2644,0.886,0.9287,1.3617,0.74348
2021/11/19 21:48:00,1.38202,1.26446,0.88612,0.9288,1.36165,0.7436
2021/11/19 21:54:00,1.3757618,1.25911,0.8864,0.9283,1.36077,0.7436
2021/11/19 22:00:00,1.3740416,1.26212,0.880802,0.928498,1.36005,0.7434944
2021/11/19 22:06:00,1.369908,1.257329,0.880802,0.926467,1.355875,0.7434944
2021/11/19 22:12:00,1.369908,1.257329,0.880802,0.926467,1.355875,0.7434944
2021/11/19 22:18:00,1.369908,1.26392,0.880802,0.9285,1.36015,0.7434944
2021/11/19 22:24:00,1.369908,1.257329,0.880802,0.926467,1.355875,0.7434944
2021/11/19 22:30:00,1.369908,1.257329,0.880802,0.926467,1.355875,0.7434944
2021/11/19 22:36:00,1.369908,1.257329,0.880802,0.926467,1.355875,0.7433944
2021/11/19 22:42:00,1.369908,1.257329,0.880802,0.926467,1.355875,0.7434944
2021/11/19 22:48:00,1.369908,1.257329,0.880802,0.926467,1.355875,0.7433944
2021/11/19 22:54:00,1.369908,1.257329,0.880802,0.926467,1.355875,0.7434944
2021/11/19 23:00:00,1.369908,1.257329,0.880802,0.926467,1.355875,0.7433944
2021/11/19 23:06:00,1.369908,1.257329,0.880802,0.926467,1.355875,0.7434944
2021/11/19 23:12:00,1.369908,1.257329,0.880802,0.926467,1.355875,0.7433944
2021/11/19 23:18:00,1.369908,1.257329,0.880802,0.926467,1.355875,0.7434944
2021/11/19 23:24:00,1.369908,1.257329,0.880802,0.926467,1.355875,0.7433944
2021/11/19 23:30:00,1.369908,1.257329,0.880802,0.926467,1.355875,0.7434944
2021/11/19 23:36:00,1.369908,1.257329,0.880802,0.926467,1.355875,0.7433944
2021/11/19 23:42:00,1.369908,1.257329,0.880802,0.926467,1.355875,0.7434944
2021/11/19 23:48:00,1.369908,1.257329,0.880802,0.926467,1.355875,0.7433944
2021/11/19 23:54:00,1.369908,1.257329,0.880802,0.926467,1.355875,0.7434944
